run_id,experiment_id,status,artifact_uri,start_time,end_time,metrics.MCC,metrics.Accuracy,metrics.F1,metrics.Recall,metrics.Prec,metrics.Kappa,metrics.TT,metrics.AUC,params.base_estimator__bootstrap_features,params.base_estimator__n_estimators,params.base_estimator__verbose,params.base_estimator__base_estimator__criterion,params.base_estimator__base_estimator__min_samples_leaf,params.base_estimator__base_estimator__max_leaf_nodes,params.base_estimator__base_estimator__min_impurity_decrease,params.base_estimator__oob_score,params.cv,params.method,params.base_estimator__base_estimator__n_estimators,params.base_estimator__base_estimator__min_samples_split,params.base_estimator__base_estimator__max_depth,params.base_estimator__n_jobs,params.base_estimator__base_estimator__min_impurity_split,params.base_estimator__base_estimator__oob_score,params.base_estimator__random_state,params.base_estimator__base_estimator__max_features,params.base_estimator__base_estimator__warm_start,params.base_estimator__base_estimator__bootstrap,params.base_estimator__base_estimator__random_state,params.base_estimator__max_features,params.base_estimator__base_estimator__ccp_alpha,params.base_estimator__base_estimator__max_samples,params.base_estimator__max_samples,params.base_estimator__warm_start,params.base_estimator__bootstrap,params.base_estimator__base_estimator__verbose,params.base_estimator__base_estimator__min_weight_fraction_leaf,params.base_estimator__base_estimator__class_weight,params.base_estimator__base_estimator__n_jobs,params.base_estimator__min_samples_leaf,params.base_estimator__max_leaf_nodes,params.base_estimator__min_impurity_decrease,params.base_estimator__ccp_alpha,params.base_estimator__criterion,params.base_estimator__min_samples_split,params.base_estimator__min_impurity_split,params.base_estimator__class_weight,params.base_estimator__min_weight_fraction_leaf,params.base_estimator__max_depth,params.rf__bootstrap,params.dt__min_impurity_split,params.rf__min_weight_fraction_leaf,params.rf__n_jobs,params.final_estimator__oob_score,params.passthrough,params.dt__splitter,params.rf__max_samples,params.rf__min_impurity_decrease,params.final_estimator__random_state,params.dt__max_leaf_nodes,params.dt__random_state,params.dt__max_depth,params.rf__warm_start,params.dt__class_weight,params.final_estimator__min_impurity_split,params.final_estimator__ccp_alpha,params.final_estimator__verbose,params.final_estimator__min_impurity_decrease,params.dt__criterion,params.final_estimator__max_samples,params.final_estimator__n_estimators,params.rf__class_weight,params.dt__min_samples_leaf,params.rf__random_state,params.dt__min_weight_fraction_leaf,params.final_estimator__min_samples_leaf,params.final_estimator__warm_start,params.rf__min_samples_leaf,params.final_estimator__n_jobs,params.final_estimator__min_samples_split,params.rf__max_depth,params.final_estimator__bootstrap,params.rf__min_impurity_split,params.final_estimator__class_weight,params.final_estimator__max_features,params.dt__min_samples_split,params.dt__max_features,params.rf__oob_score,params.final_estimator__criterion,params.final_estimator__max_leaf_nodes,params.n_jobs,params.rf__max_features,params.rf__criterion,params.rf__n_estimators,params.rf__ccp_alpha,params.stack_method,params.rf__min_samples_split,params.final_estimator__max_depth,params.rf__max_leaf_nodes,params.verbose,params.dt__ccp_alpha,params.final_estimator__min_weight_fraction_leaf,params.dt__presort,params.dt__min_impurity_decrease,params.rf__verbose,params.flatten_transform,params.et__bootstrap,params.et__n_estimators,params.et__warm_start,params.et__min_samples_leaf,params.et__max_samples,params.et__min_samples_split,params.et__n_jobs,params.et__criterion,params.et__max_leaf_nodes,params.et__max_depth,params.et__min_impurity_split,params.et__class_weight,params.et__oob_score,params.et__max_features,params.et__min_weight_fraction_leaf,params.et__verbose,params.et__random_state,params.et__min_impurity_decrease,params.et__ccp_alpha,params.weights,params.voting,params.random_state,params.algorithm,params.learning_rate,params.n_estimators,params.max_features,params.bootstrap,params.max_samples,params.oob_score,params.bootstrap_features,params.warm_start,params.min_weight_fraction_leaf,params.min_impurity_split,params.min_samples_leaf,params.criterion,params.min_samples_split,params.min_impurity_decrease,params.max_depth,params.max_leaf_nodes,params.ccp_alpha,params.class_weight,params.priors,params.var_smoothing,params.reg_param,params.tol,params.store_covariance,params.base_estimator,params.loss,params.init,params.validation_fraction,params.n_iter_no_change,params.subsample,params.presort,params.n_components,params.solver,params.shrinkage,params.multi_class,params.max_iter,params.fit_intercept,params.dual,params.intercept_scaling,params.l1_ratio,params.penalty,params.C,params.normalize,params.copy_X,params.alpha,params.leaf_size,params.metric,params.p,params.n_neighbors,params.metric_params,params.early_stopping,params.epsilon,params.power_t,params.eta0,params.average,params.shuffle,params.colsample_bytree,params.tree_method,params.importance_type,params.max_delta_step,params.reg_lambda,params.base_score,params.gamma,params.num_parallel_tree,params.reg_alpha,params.verbosity,params.validate_parameters,params.scale_pos_weight,params.booster,params.gpu_id,params.interaction_constraints,params.missing,params.objective,params.colsample_bynode,params.monotone_constraints,params.min_child_weight,params.colsample_bylevel,params.use_label_encoder,params.boosting_type,params.subsample_for_bin,params.min_split_gain,params.num_leaves,params.silent,params.subsample_freq,params.min_child_samples,params.splitter,params.session_id,params.Polynomial Threshold,params.Feature Ratio,params.Numeric Features,params.Normalize Method,params.Log Experiment,params.Normalize,params.Iterative Imputation Categorical Model,params.PCA Components,params.High Cardinality Features,params.Multicollinearity Threshold,params.Shuffle Train-Test,params.Numeric Binning,params.Polynomial Features,params.Group Features,params.PCA,params.Clustering,params.Iterative Imputation Numeric Model,params.Categorical Imputer,params.High Cardinality Method,params.Fold Generator,params.Label Encoded,params.CPU Jobs,params.Features Selection Threshold,params.Transformed Train Set,params.Original Data,params.Stratify Train-Test,params.Feature Selection,params.Numeric Imputer,params.USI,params.Combine Rare Levels,params.Feature Selection Method,params.Use GPU,params.Clustering Iteration,params.Target Type,params.Unknown Categoricals Handling,params.Transformation Method,params.Outliers Threshold,params.Rare Level Threshold,params.Fix Imbalance,params.Missing Values,params.Ordinal Features,params.Trignometry Features,params.Interaction Threshold,params.Categorical Features,params.Experiment Name,params.Fold Number,params.Imputation Type,params.Ignore Low Variance,params.Feature Interaction,params.Iterative Imputation Iteration,params.PCA Method,params.Remove Multicollinearity,params.Target,params.Remove Outliers,params.Transformation,params.Transformed Test Set,params.Polynomial Degree,params.Fix Imbalance Method,tags.mlflow.runName,tags.mlflow.source.type,tags.mlflow.log-model.history,tags.mlflow.source.name,tags.USI,tags.mlflow.user,tags.Source,tags.Run Time,tags.Run ID,tags.URI
94fb6a1e2b4a47b3957afaa34eb009fa,1,FINISHED,file:///C:/Users/user/Documents/1.%20GitHub/Albert_Einstein/mlruns/1/94fb6a1e2b4a47b3957afaa34eb009fa/artifacts,2021-06-09 04:21:34.749000+00:00,2021-06-09 04:21:40.109000+00:00,0.0,0.2133,0.085,0.3333,0.0541,0.0,2.81,0.5,False,10,0,gini,3,None,0.3,False,"StratifiedKFold(n_splits=10, random_state=None, shuffle=False)",sigmoid,10,7,7,None,None,False,5481,log2,False,False,5481,1.0,0.0,None,1.0,False,True,0,0.0,balanced,-1,,,,,,,,,,,,,,,,,,,,,,,,,,,,,,,,,,,,,,,,,,,,,,,,,,,,,,,,,,,,,,,,,,,,,,,,,,,,,,,,,,,,,,,,,,,,,,,,,,,,,,,,,,,,,,,,,,,,,,,,,,,,,,,,,,,,,,,,,,,,,,,,,,,,,,,,,,,,,,,,,,,,,,,,,,,,,,,,,,,,,,,,,,,,,,,,,,,,,,,,,,,,,,,,,,,,,,,,,,,,,,,,,,,,,,,,,,,Extra Trees Classifier,LOCAL,"[{""run_id"": ""94fb6a1e2b4a47b3957afaa34eb009fa"", ""artifact_path"": ""model"", ""utc_time_created"": ""2021-06-09 04:21:40.004808"", ""flavors"": {""python_function"": {""model_path"": ""model.pkl"", ""loader_module"": ""mlflow.sklearn"", ""python_version"": ""3.9.5"", ""env"": ""conda.yaml""}, ""sklearn"": {""pickled_model"": ""model.pkl"", ""sklearn_version"": ""0.23.2"", ""serialization_format"": ""cloudpickle""}}}]",C:\Users\user\AppData\Local\Packages\PythonSoftwareFoundation.Python.3.9_qbz5n2kfra8p0\LocalCache\local-packages\Python39\site-packages\ipykernel_launcher.py,042b,user,calibrate_models,10.87,94fb6a1e2b4a47b3957afaa34eb009fa,c7edcc41
632833b0b7284450994b2939afb6bf28,1,FINISHED,file:///C:/Users/user/Documents/1.%20GitHub/Albert_Einstein/mlruns/1/632833b0b7284450994b2939afb6bf28/artifacts,2021-06-09 04:21:17.018000+00:00,2021-06-09 04:21:18.488000+00:00,0.0,0.203,0.1079,0.3333,0.0833,0.0,0.23,0.5,,10,0,,,,,False,"StratifiedKFold(n_splits=10, random_state=None, shuffle=False)",sigmoid,,,,-1,,,5481,,,,,log2,,,None,False,False,,,,,3,None,0.3,0.0,gini,7,None,balanced,0.0,7,,,,,,,,,,,,,,,,,,,,,,,,,,,,,,,,,,,,,,,,,,,,,,,,,,,,,,,,,,,,,,,,,,,,,,,,,,,,,,,,,,,,,,,,,,,,,,,,,,,,,,,,,,,,,,,,,,,,,,,,,,,,,,,,,,,,,,,,,,,,,,,,,,,,,,,,,,,,,,,,,,,,,,,,,,,,,,,,,,,,,,,,,,,,,,,,,,,,,,,,,,,,,,,,,,,,,,,,,,,,,,,,,Extra Trees Classifier,LOCAL,"[{""run_id"": ""632833b0b7284450994b2939afb6bf28"", ""artifact_path"": ""model"", ""utc_time_created"": ""2021-06-09 04:21:18.426653"", ""flavors"": {""python_function"": {""model_path"": ""model.pkl"", ""loader_module"": ""mlflow.sklearn"", ""python_version"": ""3.9.5"", ""env"": ""conda.yaml""}, ""sklearn"": {""pickled_model"": ""model.pkl"", ""sklearn_version"": ""0.23.2"", ""serialization_format"": ""cloudpickle""}}}]",C:\Users\user\AppData\Local\Packages\PythonSoftwareFoundation.Python.3.9_qbz5n2kfra8p0\LocalCache\local-packages\Python39\site-packages\ipykernel_launcher.py,042b,user,calibrate_models,1.33,632833b0b7284450994b2939afb6bf28,21c85b0d
3ca8ccec6499402a96b7a3e1a75f7c1a,1,FINISHED,file:///C:/Users/user/Documents/1.%20GitHub/Albert_Einstein/mlruns/1/3ca8ccec6499402a96b7a3e1a75f7c1a/artifacts,2021-06-09 04:20:21.509000+00:00,2021-06-09 04:20:27.387000+00:00,0.0,0.2133,0.085,0.3333,0.0541,0.0,3.12,0.5,False,10,0,gini,3,None,0.3,False,"StratifiedKFold(n_splits=10, random_state=None, shuffle=False)",sigmoid,10,7,7,None,None,False,5481,log2,False,False,5481,1.0,0.0,None,1.0,False,True,0,0.0,balanced,-1,,,,,,,,,,,,,,,,,,,,,,,,,,,,,,,,,,,,,,,,,,,,,,,,,,,,,,,,,,,,,,,,,,,,,,,,,,,,,,,,,,,,,,,,,,,,,,,,,,,,,,,,,,,,,,,,,,,,,,,,,,,,,,,,,,,,,,,,,,,,,,,,,,,,,,,,,,,,,,,,,,,,,,,,,,,,,,,,,,,,,,,,,,,,,,,,,,,,,,,,,,,,,,,,,,,,,,,,,,,,,,,,,,,,,,,,,,,Extra Trees Classifier,LOCAL,"[{""run_id"": ""3ca8ccec6499402a96b7a3e1a75f7c1a"", ""artifact_path"": ""model"", ""utc_time_created"": ""2021-06-09 04:20:27.277243"", ""flavors"": {""python_function"": {""model_path"": ""model.pkl"", ""loader_module"": ""mlflow.sklearn"", ""python_version"": ""3.9.5"", ""env"": ""conda.yaml""}, ""sklearn"": {""pickled_model"": ""model.pkl"", ""sklearn_version"": ""0.23.2"", ""serialization_format"": ""cloudpickle""}}}]",C:\Users\user\AppData\Local\Packages\PythonSoftwareFoundation.Python.3.9_qbz5n2kfra8p0\LocalCache\local-packages\Python39\site-packages\ipykernel_launcher.py,042b,user,calibrate_models,11.89,3ca8ccec6499402a96b7a3e1a75f7c1a,df1b2a88
f50ab8fb7c854b8280928882e3af7dd8,1,FINISHED,file:///C:/Users/user/Documents/1.%20GitHub/Albert_Einstein/mlruns/1/f50ab8fb7c854b8280928882e3af7dd8/artifacts,2021-06-09 04:19:07.582000+00:00,2021-06-09 04:19:09.044000+00:00,0.0,0.203,0.1079,0.3333,0.0833,0.0,0.23,0.5,,10,0,,,,,False,"StratifiedKFold(n_splits=10, random_state=None, shuffle=False)",sigmoid,,,,-1,,,5481,,,,,log2,,,None,False,False,,,,,3,None,0.3,0.0,gini,7,None,balanced,0.0,7,,,,,,,,,,,,,,,,,,,,,,,,,,,,,,,,,,,,,,,,,,,,,,,,,,,,,,,,,,,,,,,,,,,,,,,,,,,,,,,,,,,,,,,,,,,,,,,,,,,,,,,,,,,,,,,,,,,,,,,,,,,,,,,,,,,,,,,,,,,,,,,,,,,,,,,,,,,,,,,,,,,,,,,,,,,,,,,,,,,,,,,,,,,,,,,,,,,,,,,,,,,,,,,,,,,,,,,,,,,,,,,,,Extra Trees Classifier,LOCAL,"[{""run_id"": ""f50ab8fb7c854b8280928882e3af7dd8"", ""artifact_path"": ""model"", ""utc_time_created"": ""2021-06-09 04:19:08.982049"", ""flavors"": {""python_function"": {""model_path"": ""model.pkl"", ""loader_module"": ""mlflow.sklearn"", ""python_version"": ""3.9.5"", ""env"": ""conda.yaml""}, ""sklearn"": {""pickled_model"": ""model.pkl"", ""sklearn_version"": ""0.23.2"", ""serialization_format"": ""cloudpickle""}}}]",C:\Users\user\AppData\Local\Packages\PythonSoftwareFoundation.Python.3.9_qbz5n2kfra8p0\LocalCache\local-packages\Python39\site-packages\ipykernel_launcher.py,042b,user,calibrate_models,1.35,f50ab8fb7c854b8280928882e3af7dd8,1eadaf3d
588bed123a8f434f94e443af14ec53e2,1,FINISHED,file:///C:/Users/user/Documents/1.%20GitHub/Albert_Einstein/mlruns/1/588bed123a8f434f94e443af14ec53e2/artifacts,2021-06-09 04:18:05.630000+00:00,2021-06-09 04:18:08.046000+00:00,-0.0076,0.4397,0.4493,0.3245,0.4628,-0.0076,2.94,0.5025,,,,,,,,,"StratifiedKFold(n_splits=10,
        random_state=RandomState(MT19937) at 0x1DC52BC6D40, shuffle=False)",,,,,,,,,,,,,,,,,,,,,,,,,,,,,,,,,True,None,0.0,-1,False,True,best,None,0.0,5481,None,5481,None,False,None,None,0.0,0,0.0,gini,None,100,None,1,5481,0.0,1,False,1,-1,2,None,False,None,None,auto,2,None,False,gini,None,-1,auto,gini,100,0.0,auto,2,None,None,0,0.0,0.0,deprecated,0.0,0,,,,,,,,,,,,,,,,,,,,,,,,,,,,,,,,,,,,,,,,,,,,,,,,,,,,,,,,,,,,,,,,,,,,,,,,,,,,,,,,,,,,,,,,,,,,,,,,,,,,,,,,,,,,,,,,,,,,,,,,,,,,,,,,,,,,,,,,,,,,,,,,,,,,,,,,,,,,,,,,,,,,,,,,,Stacking Classifier,LOCAL,"[{""run_id"": ""588bed123a8f434f94e443af14ec53e2"", ""artifact_path"": ""model"", ""utc_time_created"": ""2021-06-09 04:18:07.673913"", ""flavors"": {""python_function"": {""model_path"": ""model.pkl"", ""loader_module"": ""mlflow.sklearn"", ""python_version"": ""3.9.5"", ""env"": ""conda.yaml""}, ""sklearn"": {""pickled_model"": ""model.pkl"", ""sklearn_version"": ""0.23.2"", ""serialization_format"": ""cloudpickle""}}}]",C:\Users\user\AppData\Local\Packages\PythonSoftwareFoundation.Python.3.9_qbz5n2kfra8p0\LocalCache\local-packages\Python39\site-packages\ipykernel_launcher.py,042b,user,stack_models,18.57,588bed123a8f434f94e443af14ec53e2,fbfe4a79
90aa2b4fd4514815b259837a8f5bba0b,1,FINISHED,file:///C:/Users/user/Documents/1.%20GitHub/Albert_Einstein/mlruns/1/90aa2b4fd4514815b259837a8f5bba0b/artifacts,2021-06-09 04:17:20.717000+00:00,2021-06-09 04:17:23.290000+00:00,-0.0048,0.4053,0.4286,0.3253,0.4639,-0.0046,0.79,0.4989,,,,,,,,,,,,,,,,,,,,,,,,,,,,,,,,,,,,,,,,,,True,None,0.0,-1,,,best,None,0.0,,None,5481,None,False,None,,,,,gini,,,None,1,5481,0.0,,,1,,,None,,None,,,2,None,False,,,-1,auto,gini,100,0.0,,2,,None,False,0.0,,deprecated,0.0,0,True,False,100,False,1,None,2,-1,gini,None,None,None,None,False,auto,0.0,0,5481,0.0,0.0,None,soft,,,,,,,,,,,,,,,,,,,,,,,,,,,,,,,,,,,,,,,,,,,,,,,,,,,,,,,,,,,,,,,,,,,,,,,,,,,,,,,,,,,,,,,,,,,,,,,,,,,,,,,,,,,,,,,,,,,,,,,,,,,,,,,,,,,,,,,,,,,,,,,,,,,Voting Classifier,LOCAL,"[{""run_id"": ""90aa2b4fd4514815b259837a8f5bba0b"", ""artifact_path"": ""model"", ""utc_time_created"": ""2021-06-09 04:17:22.864937"", ""flavors"": {""python_function"": {""model_path"": ""model.pkl"", ""loader_module"": ""mlflow.sklearn"", ""python_version"": ""3.9.5"", ""env"": ""conda.yaml""}, ""sklearn"": {""pickled_model"": ""model.pkl"", ""sklearn_version"": ""0.23.2"", ""serialization_format"": ""cloudpickle""}}}]",C:\Users\user\AppData\Local\Packages\PythonSoftwareFoundation.Python.3.9_qbz5n2kfra8p0\LocalCache\local-packages\Python39\site-packages\ipykernel_launcher.py,042b,user,blend_models,3.31,90aa2b4fd4514815b259837a8f5bba0b,581fccc1
bd2ecf6df45744809de872d80bc95ed3,1,FINISHED,file:///C:/Users/user/Documents/1.%20GitHub/Albert_Einstein/mlruns/1/bd2ecf6df45744809de872d80bc95ed3/artifacts,2021-06-09 04:17:09.054000+00:00,2021-06-09 04:17:11.729000+00:00,0.0,0.6107,0.4631,0.3333,0.3729,0.0,0.26,0.5,,10,0,,,,,False,,,,,,-1,,,5481,,,,,log2,,,None,False,False,,,,,3,None,0.3,0.0,gini,7,None,balanced,0.0,7,,,,,,,,,,,,,,,,,,,,,,,,,,,,,,,,,,,,,,,,,,,,,,,,,,,,,,,,,,,,,,,,,,,,,,,,,,,,,,,5481,SAMME.R,1.0,10,,,,,,,,,,,,,,,,,,,,,,,,,,,,,,,,,,,,,,,,,,,,,,,,,,,,,,,,,,,,,,,,,,,,,,,,,,,,,,,,,,,,,,,,,,,,,,,,,,,,,,,,,,,,,,,,,,,,,,,,,,,,,,,,,,,,,,,,,,,,,,,Extra Trees Classifier,LOCAL,"[{""run_id"": ""bd2ecf6df45744809de872d80bc95ed3"", ""artifact_path"": ""model"", ""utc_time_created"": ""2021-06-09 04:17:11.625647"", ""flavors"": {""python_function"": {""model_path"": ""model.pkl"", ""loader_module"": ""mlflow.sklearn"", ""python_version"": ""3.9.5"", ""env"": ""conda.yaml""}, ""sklearn"": {""pickled_model"": ""model.pkl"", ""sklearn_version"": ""0.23.2"", ""serialization_format"": ""cloudpickle""}}}]",C:\Users\user\AppData\Local\Packages\PythonSoftwareFoundation.Python.3.9_qbz5n2kfra8p0\LocalCache\local-packages\Python39\site-packages\ipykernel_launcher.py,042b,user,ensemble_model,2.21,bd2ecf6df45744809de872d80bc95ed3,0617e311
2f81cab4eb7c42e592ef69a08f2b1835,1,FINISHED,file:///C:/Users/user/Documents/1.%20GitHub/Albert_Einstein/mlruns/1/2f81cab4eb7c42e592ef69a08f2b1835/artifacts,2021-06-09 04:16:51.883000+00:00,2021-06-09 04:16:53.431000+00:00,0.0,0.1897,0.0856,0.3333,0.0615,0.0,0.25,0.5,,10,0,,,,,False,,,,,,-1,,,5481,,,,,log2,,,None,False,False,,,,,3,None,0.3,0.0,gini,7,None,balanced,0.0,7,,,,,,,,,,,,,,,,,,,,,,,,,,,,,,,,,,,,,,,,,,None,,,,,,,,,0,,,,,,,,,,,,,,,,,,,,,,,,,,,,5481,,,10,1.0,True,1.0,False,False,False,,,,,,,,,,,,,,,,,,,,,,,,,,,,,,,,,,,,,,,,,,,,,,,,,,,,,,,,,,,,,,,,,,,,,,,,,,,,,,,,,,,,,,,,,,,,,,,,,,,,,,,,,,,,,,,,,,,,,,,,,,,,,,,,,,,,,,,,,Extra Trees Classifier,LOCAL,"[{""run_id"": ""2f81cab4eb7c42e592ef69a08f2b1835"", ""artifact_path"": ""model"", ""utc_time_created"": ""2021-06-09 04:16:53.361008"", ""flavors"": {""python_function"": {""model_path"": ""model.pkl"", ""loader_module"": ""mlflow.sklearn"", ""python_version"": ""3.9.5"", ""env"": ""conda.yaml""}, ""sklearn"": {""pickled_model"": ""model.pkl"", ""sklearn_version"": ""0.23.2"", ""serialization_format"": ""cloudpickle""}}}]",C:\Users\user\AppData\Local\Packages\PythonSoftwareFoundation.Python.3.9_qbz5n2kfra8p0\LocalCache\local-packages\Python39\site-packages\ipykernel_launcher.py,042b,user,ensemble_model,1.23,2f81cab4eb7c42e592ef69a08f2b1835,c701804f
6d39dc809708496a8bc5ad371c9e5386,1,FINISHED,file:///C:/Users/user/Documents/1.%20GitHub/Albert_Einstein/mlruns/1/6d39dc809708496a8bc5ad371c9e5386/artifacts,2021-06-09 04:16:26.437000+00:00,2021-06-09 04:16:27.759000+00:00,0.0,0.6107,0.4631,0.3333,0.3729,0.0,0.03,0.5,,,,,,,,,,,,,,,,,,,,,,,,,,,,,,,,,,,,,,,,,,,,,,,,,,,,,,,,,,,,,,,,,,,,,,,,,,,,,,,,,,,-1,,,,,,,,,0,,,,,,,,,,,,,,,,,,,,,,,,,,,,5481,,,10,log2,False,None,False,,False,0.0,None,3,gini,7,0.3,7,None,0.0,balanced,,,,,,,,,,,,,,,,,,,,,,,,,,,,,,,,,,,,,,,,,,,,,,,,,,,,,,,,,,,,,,,,,,,,,,,,,,,,,,,,,,,,,,,,,,,,,,,,,,,,,,,,,,,,,,,,,,,,,,,,,,,,,,,Extra Trees Classifier,LOCAL,"[{""run_id"": ""6d39dc809708496a8bc5ad371c9e5386"", ""artifact_path"": ""model"", ""utc_time_created"": ""2021-06-09 04:16:27.700535"", ""flavors"": {""python_function"": {""model_path"": ""model.pkl"", ""loader_module"": ""mlflow.sklearn"", ""python_version"": ""3.9.5"", ""env"": ""conda.yaml""}, ""sklearn"": {""pickled_model"": ""model.pkl"", ""sklearn_version"": ""0.23.2"", ""serialization_format"": ""cloudpickle""}}}]",C:\Users\user\AppData\Local\Packages\PythonSoftwareFoundation.Python.3.9_qbz5n2kfra8p0\LocalCache\local-packages\Python39\site-packages\ipykernel_launcher.py,042b,user,tune_model,31.18,6d39dc809708496a8bc5ad371c9e5386,a7aa66a5
163e00818159484781b152a04ea990e3,1,FINISHED,file:///C:/Users/user/Documents/1.%20GitHub/Albert_Einstein/mlruns/1/163e00818159484781b152a04ea990e3/artifacts,2021-06-09 04:15:40.698000+00:00,2021-06-09 04:15:42.790000+00:00,-0.000524075940685439,0.43899999999999995,0.45052514800755583,0.33294199800861646,0.4664179517840455,-0.0004876286061813673,0.23,0.4993313586513765,,,,,,,,,,,,,,,,,,,,,,,,,,,,,,,,,,,,,,,,,,,,,,,,,,,,,,,,,,,,,,,,,,,,,,,,,,,,,,,,,,,-1,,,,,,,,,0,,,,,,,,,,,,,,,,,,,,,,,,,,,,5481,,,100,auto,False,None,False,,False,0.0,None,1,gini,2,0.0,None,None,0.0,None,,,,,,,,,,,,,,,,,,,,,,,,,,,,,,,,,,,,,,,,,,,,,,,,,,,,,,,,,,,,,,,,,,,,,,,,,,,,,,,,,,,,,,,,,,,,,,,,,,,,,,,,,,,,,,,,,,,,,,,,,,,,,,,Extra Trees Classifier,LOCAL,"[{""run_id"": ""163e00818159484781b152a04ea990e3"", ""artifact_path"": ""model"", ""utc_time_created"": ""2021-06-09 04:15:42.517299"", ""flavors"": {""python_function"": {""model_path"": ""model.pkl"", ""loader_module"": ""mlflow.sklearn"", ""python_version"": ""3.9.5"", ""env"": ""conda.yaml""}, ""sklearn"": {""pickled_model"": ""model.pkl"", ""sklearn_version"": ""0.23.2"", ""serialization_format"": ""cloudpickle""}}}]",C:\Users\user\AppData\Local\Packages\PythonSoftwareFoundation.Python.3.9_qbz5n2kfra8p0\LocalCache\local-packages\Python39\site-packages\ipykernel_launcher.py,042b,user,create_model,1.95,163e00818159484781b152a04ea990e3,fd2c5f06
29d590e1a140423babdaa04138086335,1,FINISHED,file:///C:/Users/user/Documents/1.%20GitHub/Albert_Einstein/mlruns/1/29d590e1a140423babdaa04138086335/artifacts,2021-06-09 04:15:36.975000+00:00,2021-06-09 04:15:37.283000+00:00,0.0092,0.313,0.3539,0.3378,0.4777,0.0072,0.005,0.5107,,,,,,,,,,,,,,,,,,,,,,,,,,,,,,,,,,,,,,,,,,,,,,,,,,,,,,,,,,,,,,,,,,,,,,,,,,,,,,,,,,,,,,,,,,,,,,,,,,,,,,,,,,,,,,,,,,,,,,,,,,,,,,,,,,,,,,,,,,,,None,1e-09,,,,,,,,,,,,,,,,,,,,,,,,,,,,,,,,,,,,,,,,,,,,,,,,,,,,,,,,,,,,,,,,,,,,,,,,,,,,,,,,,,,,,,,,,,,,,,,,,,,,,,,,,,,,,,,,,,,,,,,,,,,,,Naive Bayes,LOCAL,"[{""run_id"": ""29d590e1a140423babdaa04138086335"", ""artifact_path"": ""model"", ""utc_time_created"": ""2021-06-09 04:15:37.199419"", ""flavors"": {""python_function"": {""model_path"": ""model.pkl"", ""loader_module"": ""mlflow.sklearn"", ""python_version"": ""3.9.5"", ""env"": ""conda.yaml""}, ""sklearn"": {""pickled_model"": ""model.pkl"", ""sklearn_version"": ""0.23.2"", ""serialization_format"": ""cloudpickle""}}}]",C:\Users\user\AppData\Local\Packages\PythonSoftwareFoundation.Python.3.9_qbz5n2kfra8p0\LocalCache\local-packages\Python39\site-packages\ipykernel_launcher.py,042b,user,compare_models,0.18,29d590e1a140423babdaa04138086335,373a85ae
62b907f6cf2841e18f39a5f74f1c4f12,1,FINISHED,file:///C:/Users/user/Documents/1.%20GitHub/Albert_Einstein/mlruns/1/62b907f6cf2841e18f39a5f74f1c4f12/artifacts,2021-06-09 04:15:36.556000+00:00,2021-06-09 04:15:36.815000+00:00,0.0047,0.317,0.3566,0.3328,0.4756,0.0037,0.005,0.5076,,,,,,,,,,,,,,,,,,,,,,,,,,,,,,,,,,,,,,,,,,,,,,,,,,,,,,,,,,,,,,,,,,,,,,,,,,,,,,,,,,,,,,,,,,,,,,,,,,,,,,,,,,,,,,,,,,,,,,,,,,,,,,,,,,,,,,,,,,,,None,,0.0,0.0001,False,,,,,,,,,,,,,,,,,,,,,,,,,,,,,,,,,,,,,,,,,,,,,,,,,,,,,,,,,,,,,,,,,,,,,,,,,,,,,,,,,,,,,,,,,,,,,,,,,,,,,,,,,,,,,,,,,,,,,,,,,,Quadratic Discriminant Analysis,LOCAL,"[{""run_id"": ""62b907f6cf2841e18f39a5f74f1c4f12"", ""artifact_path"": ""model"", ""utc_time_created"": ""2021-06-09 04:15:36.758598"", ""flavors"": {""python_function"": {""model_path"": ""model.pkl"", ""loader_module"": ""mlflow.sklearn"", ""python_version"": ""3.9.5"", ""env"": ""conda.yaml""}, ""sklearn"": {""pickled_model"": ""model.pkl"", ""sklearn_version"": ""0.23.2"", ""serialization_format"": ""cloudpickle""}}}]",C:\Users\user\AppData\Local\Packages\PythonSoftwareFoundation.Python.3.9_qbz5n2kfra8p0\LocalCache\local-packages\Python39\site-packages\ipykernel_launcher.py,042b,user,compare_models,0.17,62b907f6cf2841e18f39a5f74f1c4f12,373a85ae
e55c5489445141c6a5655ddf878edc41,1,FINISHED,file:///C:/Users/user/Documents/1.%20GitHub/Albert_Einstein/mlruns/1/e55c5489445141c6a5655ddf878edc41/artifacts,2021-06-09 04:15:36.136000+00:00,2021-06-09 04:15:36.401000+00:00,0.0081,0.321,0.3597,0.3357,0.478,0.0073,0.06,0.5078,,,,,,,,,,,,,,,,,,,,,,,,,,,,,,,,,,,,,,,,,,,,,,,,,,,,,,,,,,,,,,,,,,,,,,,,,,,,,,,,,,,,,,,,,,,,,,,,,,,,,,,,,,,,,,,,,,,,,,,,5481,SAMME.R,1.0,50,,,,,,,,,,,,,,,,,,,,,,None,,,,,,,,,,,,,,,,,,,,,,,,,,,,,,,,,,,,,,,,,,,,,,,,,,,,,,,,,,,,,,,,,,,,,,,,,,,,,,,,,,,,,,,,,,,,,,,,,,,,,,,,,,,,,,,,,,,,,,,,,Ada Boost Classifier,LOCAL,"[{""run_id"": ""e55c5489445141c6a5655ddf878edc41"", ""artifact_path"": ""model"", ""utc_time_created"": ""2021-06-09 04:15:36.338721"", ""flavors"": {""python_function"": {""model_path"": ""model.pkl"", ""loader_module"": ""mlflow.sklearn"", ""python_version"": ""3.9.5"", ""env"": ""conda.yaml""}, ""sklearn"": {""pickled_model"": ""model.pkl"", ""sklearn_version"": ""0.23.2"", ""serialization_format"": ""cloudpickle""}}}]",C:\Users\user\AppData\Local\Packages\PythonSoftwareFoundation.Python.3.9_qbz5n2kfra8p0\LocalCache\local-packages\Python39\site-packages\ipykernel_launcher.py,042b,user,compare_models,0.72,e55c5489445141c6a5655ddf878edc41,373a85ae
a68531f9abd24af79a4b36a0b4ed795a,1,FINISHED,file:///C:/Users/user/Documents/1.%20GitHub/Albert_Einstein/mlruns/1/a68531f9abd24af79a4b36a0b4ed795a/artifacts,2021-06-09 04:15:35.652000+00:00,2021-06-09 04:15:35.965000+00:00,-0.002,0.3287,0.3651,0.3305,0.4668,-0.0016,0.321,0.5038,,,,,,,,,,,,,,,,,,,,,,,,,,,,,,,,,,,,,,,,,,,,,,,,,,,,,,,,,,,,,,,,,,,,,,,,,,,,,,,,,,,,,,,,,,,,0,,,,,,,,,,,,,,,,,,,,,,,,,,,,5481,,0.1,100,None,,,,,False,0.0,None,1,friedman_mse,2,0.0,3,None,0.0,,,,,0.0001,,,deviance,None,0.1,None,1.0,deprecated,,,,,,,,,,,,,,,,,,,,,,,,,,,,,,,,,,,,,,,,,,,,,,,,,,,,,,,,,,,,,,,,,,,,,,,,,,,,,,,,,,,,,,,,,,,,,,,,,,,,,,,,,,,,,,,,,,,Gradient Boosting Classifier,LOCAL,"[{""run_id"": ""a68531f9abd24af79a4b36a0b4ed795a"", ""artifact_path"": ""model"", ""utc_time_created"": ""2021-06-09 04:15:35.895906"", ""flavors"": {""python_function"": {""model_path"": ""model.pkl"", ""loader_module"": ""mlflow.sklearn"", ""python_version"": ""3.9.5"", ""env"": ""conda.yaml""}, ""sklearn"": {""pickled_model"": ""model.pkl"", ""sklearn_version"": ""0.23.2"", ""serialization_format"": ""cloudpickle""}}}]",C:\Users\user\AppData\Local\Packages\PythonSoftwareFoundation.Python.3.9_qbz5n2kfra8p0\LocalCache\local-packages\Python39\site-packages\ipykernel_launcher.py,042b,user,compare_models,3.35,a68531f9abd24af79a4b36a0b4ed795a,373a85ae
b007a68ea23048158643c168f5e92c47,1,FINISHED,file:///C:/Users/user/Documents/1.%20GitHub/Albert_Einstein/mlruns/1/b007a68ea23048158643c168f5e92c47/artifacts,2021-06-09 04:15:35.216000+00:00,2021-06-09 04:15:35.491000+00:00,0.0143,0.351,0.3863,0.3504,0.4763,0.0124,0.006,0.51,,,,,,,,,,,,,,,,,,,,,,,,,,,,,,,,,,,,,,,,,,,,,,,,,,,,,,,,,,,,,,,,,,,,,,,,,,,,,,,,,,,,,,,,,,,,,,,,,,,,,,,,,,,,,,,,,,,,,,,,,,,,,,,,,,,,,,,,,,,,None,,,0.0001,False,,,,,,,,None,svd,None,,,,,,,,,,,,,,,,,,,,,,,,,,,,,,,,,,,,,,,,,,,,,,,,,,,,,,,,,,,,,,,,,,,,,,,,,,,,,,,,,,,,,,,,,,,,,,,,,,,,,,,,,,,,,,,,Linear Discriminant Analysis,LOCAL,"[{""run_id"": ""b007a68ea23048158643c168f5e92c47"", ""artifact_path"": ""model"", ""utc_time_created"": ""2021-06-09 04:15:35.420179"", ""flavors"": {""python_function"": {""model_path"": ""model.pkl"", ""loader_module"": ""mlflow.sklearn"", ""python_version"": ""3.9.5"", ""env"": ""conda.yaml""}, ""sklearn"": {""pickled_model"": ""model.pkl"", ""sklearn_version"": ""0.23.2"", ""serialization_format"": ""cloudpickle""}}}]",C:\Users\user\AppData\Local\Packages\PythonSoftwareFoundation.Python.3.9_qbz5n2kfra8p0\LocalCache\local-packages\Python39\site-packages\ipykernel_launcher.py,042b,user,compare_models,0.19,b007a68ea23048158643c168f5e92c47,373a85ae
3f91695a7cb44957bbd37af351fbd311,1,FINISHED,file:///C:/Users/user/Documents/1.%20GitHub/Albert_Einstein/mlruns/1/3f91695a7cb44957bbd37af351fbd311/artifacts,2021-06-09 04:15:34.776000+00:00,2021-06-09 04:15:35.079000+00:00,0.0145,0.351,0.3864,0.3504,0.4767,0.0126,0.018,0.51,,,,,,,,,,,,,,,,,,,,,,,,,,,,,,,,,,,,,,,,,,,,,,,,,,,,,,,,,,,,,,,,,,,,,,,,,,,,,,,,,,,None,,,,,,,,,0,,,,,,,,,,,,,,,,,,,,,,,,,,,,5481,,,,,,,,,False,,,,,,,,,,None,,,,0.0001,,,,,,,,,,lbfgs,,auto,1000,True,False,1,None,l2,1.0,,,,,,,,,,,,,,,,,,,,,,,,,,,,,,,,,,,,,,,,,,,,,,,,,,,,,,,,,,,,,,,,,,,,,,,,,,,,,,,,,,,,,,,,,,,,,,,,,,,,,,,,Logistic Regression,LOCAL,"[{""run_id"": ""3f91695a7cb44957bbd37af351fbd311"", ""artifact_path"": ""model"", ""utc_time_created"": ""2021-06-09 04:15:35.006287"", ""flavors"": {""python_function"": {""model_path"": ""model.pkl"", ""loader_module"": ""mlflow.sklearn"", ""python_version"": ""3.9.5"", ""env"": ""conda.yaml""}, ""sklearn"": {""pickled_model"": ""model.pkl"", ""sklearn_version"": ""0.23.2"", ""serialization_format"": ""cloudpickle""}}}]",C:\Users\user\AppData\Local\Packages\PythonSoftwareFoundation.Python.3.9_qbz5n2kfra8p0\LocalCache\local-packages\Python39\site-packages\ipykernel_launcher.py,042b,user,compare_models,0.32,3f91695a7cb44957bbd37af351fbd311,373a85ae
12008f0d4da34ac999ade8a46ddf0b0a,1,FINISHED,file:///C:/Users/user/Documents/1.%20GitHub/Albert_Einstein/mlruns/1/12008f0d4da34ac999ade8a46ddf0b0a/artifacts,2021-06-09 04:15:34.369000+00:00,2021-06-09 04:15:34.628000+00:00,0.0147,0.3513,0.3866,0.351,0.4766,0.0128,0.01,0.0,,,,,,,,,,,,,,,,,,,,,,,,,,,,,,,,,,,,,,,,,,,,,,,,,,,,,,,,,,,,,,,,,,,,,,,,,,,,,,,,,,,,,,,,,,,,,,,,,,,,,,,,,,,,,,,,,,,,,,,,5481,,,,,,,,,,,,,,,,,,,None,,,,0.001,,,,,,,,,,auto,,,None,True,,,,,,False,True,1.0,,,,,,,,,,,,,,,,,,,,,,,,,,,,,,,,,,,,,,,,,,,,,,,,,,,,,,,,,,,,,,,,,,,,,,,,,,,,,,,,,,,,,,,,,,,,,,,,,,,,,Ridge Classifier,LOCAL,"[{""run_id"": ""12008f0d4da34ac999ade8a46ddf0b0a"", ""artifact_path"": ""model"", ""utc_time_created"": ""2021-06-09 04:15:34.571450"", ""flavors"": {""python_function"": {""model_path"": ""model.pkl"", ""loader_module"": ""mlflow.sklearn"", ""python_version"": ""3.9.5"", ""env"": ""conda.yaml""}, ""sklearn"": {""pickled_model"": ""model.pkl"", ""sklearn_version"": ""0.23.2"", ""serialization_format"": ""cloudpickle""}}}]",C:\Users\user\AppData\Local\Packages\PythonSoftwareFoundation.Python.3.9_qbz5n2kfra8p0\LocalCache\local-packages\Python39\site-packages\ipykernel_launcher.py,042b,user,compare_models,0.24,12008f0d4da34ac999ade8a46ddf0b0a,373a85ae
e2e6cb04e3b94a0d96f12b9716813e66,1,FINISHED,file:///C:/Users/user/Documents/1.%20GitHub/Albert_Einstein/mlruns/1/e2e6cb04e3b94a0d96f12b9716813e66/artifacts,2021-06-09 04:15:33.817000+00:00,2021-06-09 04:15:34.132000+00:00,-0.0037,0.3733,0.4048,0.3298,0.4639,-0.0034,0.01,0.4965,,,,,,,,,,,,,,,,,,,,,,,,,,,,,,,,,,,,,,,,,,,,,,,,,,,,,,,,,,,,,,,,,,,,,,,,,,,,,,,,,,,-1,,,,,,,,,,,,,,,,,,,,,,,,,,,,,,,,,,,uniform,,,auto,,,,,,,,,,,,,,,,,,,,,,,,,,,,,,,,,,,,,,,,,,,,,30,minkowski,2,5,None,,,,,,,,,,,,,,,,,,,,,,,,,,,,,,,,,,,,,,,,,,,,,,,,,,,,,,,,,,,,,,,,,,,,,,,,,,,,,,,,,,,,,,,,,,,,,,,,K Neighbors Classifier,LOCAL,"[{""run_id"": ""e2e6cb04e3b94a0d96f12b9716813e66"", ""artifact_path"": ""model"", ""utc_time_created"": ""2021-06-09 04:15:34.071786"", ""flavors"": {""python_function"": {""model_path"": ""model.pkl"", ""loader_module"": ""mlflow.sklearn"", ""python_version"": ""3.9.5"", ""env"": ""conda.yaml""}, ""sklearn"": {""pickled_model"": ""model.pkl"", ""sklearn_version"": ""0.23.2"", ""serialization_format"": ""cloudpickle""}}}]",C:\Users\user\AppData\Local\Packages\PythonSoftwareFoundation.Python.3.9_qbz5n2kfra8p0\LocalCache\local-packages\Python39\site-packages\ipykernel_launcher.py,042b,user,compare_models,0.22,e2e6cb04e3b94a0d96f12b9716813e66,373a85ae
c0a8c104641e42d19d14ad1d24b7631e,1,FINISHED,file:///C:/Users/user/Documents/1.%20GitHub/Albert_Einstein/mlruns/1/c0a8c104641e42d19d14ad1d24b7631e/artifacts,2021-06-09 04:15:33.361000+00:00,2021-06-09 04:15:33.654000+00:00,0.0083,0.378,0.374,0.3396,0.4711,0.0096,0.018,0.0,,,,,,,,,,,,,,,,,,,,,,,,,,,,,,,,,,,,,,,,,,,,,,,,,,,,,,,,,,,,,,,,,,,,,,,,,,,,,,,,,,,-1,,,,,,,,,0,,,,,,,,,,,,,,,,,,,,,,,,,,,,5481,,optimal,,,,,,,False,,,,,,,,,,None,,,,0.001,,,hinge,,0.1,5,,,,,,,1000,True,,,0.15,l2,,,,0.0001,,,,,,False,0.1,0.5,0.001,False,True,,,,,,,,,,,,,,,,,,,,,,,,,,,,,,,,,,,,,,,,,,,,,,,,,,,,,,,,,,,,,,,,,,,,,,,,,,,,,,,,,,,,,,,,,,SVM - Linear Kernel,LOCAL,"[{""run_id"": ""c0a8c104641e42d19d14ad1d24b7631e"", ""artifact_path"": ""model"", ""utc_time_created"": ""2021-06-09 04:15:33.593066"", ""flavors"": {""python_function"": {""model_path"": ""model.pkl"", ""loader_module"": ""mlflow.sklearn"", ""python_version"": ""3.9.5"", ""env"": ""conda.yaml""}, ""sklearn"": {""pickled_model"": ""model.pkl"", ""sklearn_version"": ""0.23.2"", ""serialization_format"": ""cloudpickle""}}}]",C:\Users\user\AppData\Local\Packages\PythonSoftwareFoundation.Python.3.9_qbz5n2kfra8p0\LocalCache\local-packages\Python39\site-packages\ipykernel_launcher.py,042b,user,compare_models,0.38,c0a8c104641e42d19d14ad1d24b7631e,373a85ae
e0dfb016875b4fefaabbc3e6ffbdcb96,1,FINISHED,file:///C:/Users/user/Documents/1.%20GitHub/Albert_Einstein/mlruns/1/e0dfb016875b4fefaabbc3e6ffbdcb96/artifacts,2021-06-09 04:15:32.929000+00:00,2021-06-09 04:15:33.203000+00:00,-0.0129,0.3797,0.4071,0.3264,0.4581,-0.0125,0.599,0.497,,,,,,,,,,,,,,,,,,,,,,,,,,,,,,,,,,,,,,,,,,,,,,,,,,,,,,,,,,,,,,,,,,,,,,,,,,,,,,,,,,,-1,,,,,,,,,,,,,,,,,,,,,,,,,,,,,,,,,,,,,5481,,None,100,,,,,,,,,,,,,None,,,,,,,,,,,,,,None,,,,,,,,,,,,,,,,,,,,,,,,,,,None,auto,gain,None,None,None,None,None,None,0,None,None,gbtree,None,None,nan,binary:logistic,None,None,None,None,True,,,,,,,,,,,,,,,,,,,,,,,,,,,,,,,,,,,,,,,,,,,,,,,,,,,,,,,,,,,,,,,,,,,,Extreme Gradient Boosting,LOCAL,"[{""run_id"": ""e0dfb016875b4fefaabbc3e6ffbdcb96"", ""artifact_path"": ""model"", ""utc_time_created"": ""2021-06-09 04:15:33.144267"", ""flavors"": {""python_function"": {""model_path"": ""model.pkl"", ""loader_module"": ""mlflow.sklearn"", ""python_version"": ""3.9.5"", ""env"": ""conda.yaml""}, ""sklearn"": {""pickled_model"": ""model.pkl"", ""sklearn_version"": ""0.23.2"", ""serialization_format"": ""cloudpickle""}}}]",C:\Users\user\AppData\Local\Packages\PythonSoftwareFoundation.Python.3.9_qbz5n2kfra8p0\LocalCache\local-packages\Python39\site-packages\ipykernel_launcher.py,042b,user,compare_models,6.21,e0dfb016875b4fefaabbc3e6ffbdcb96,373a85ae
836e23c5c40d4fc181f76bda9f747529,1,FINISHED,file:///C:/Users/user/Documents/1.%20GitHub/Albert_Einstein/mlruns/1/836e23c5c40d4fc181f76bda9f747529/artifacts,2021-06-09 04:15:32.519000+00:00,2021-06-09 04:15:32.811000+00:00,0.0067,0.396,0.4254,0.3306,0.4733,0.0065,0.171,0.5093,,,,,,,,,,,,,,,,,,,,,,,,,,,,,,,,,,,,,,,,,,,,,,,,,,,,,,,,,,,,,,,,,,,,,,,,,,,,,,,,,,,-1,,,,,,,,,,,,,,,,,,,,,,,,,,,,,,,,,,,,,5481,,0.1,100,,,,,,,,,,,,,-1,,,None,,,,,,,,,,,1.0,,,,,,,,,,,,,,,,,,,,,,,,,,,1.0,,split,,0.0,,,,0.0,,,,,,,,None,,,0.001,,,gbdt,200000,0.0,31,True,0,20,,,,,,,,,,,,,,,,,,,,,,,,,,,,,,,,,,,,,,,,,,,,,,,,,,,,,,,,,,,,,Light Gradient Boosting Machine,LOCAL,"[{""run_id"": ""836e23c5c40d4fc181f76bda9f747529"", ""artifact_path"": ""model"", ""utc_time_created"": ""2021-06-09 04:15:32.755307"", ""flavors"": {""python_function"": {""model_path"": ""model.pkl"", ""loader_module"": ""mlflow.sklearn"", ""python_version"": ""3.9.5"", ""env"": ""conda.yaml""}, ""sklearn"": {""pickled_model"": ""model.pkl"", ""sklearn_version"": ""0.23.2"", ""serialization_format"": ""cloudpickle""}}}]",C:\Users\user\AppData\Local\Packages\PythonSoftwareFoundation.Python.3.9_qbz5n2kfra8p0\LocalCache\local-packages\Python39\site-packages\ipykernel_launcher.py,042b,user,compare_models,1.84,836e23c5c40d4fc181f76bda9f747529,373a85ae
d04eea1f2bd74a0ea5436c91d8e0d24c,1,FINISHED,file:///C:/Users/user/Documents/1.%20GitHub/Albert_Einstein/mlruns/1/d04eea1f2bd74a0ea5436c91d8e0d24c/artifacts,2021-06-09 04:15:32.019000+00:00,2021-06-09 04:15:32.312000+00:00,-0.0018,0.4033,0.4276,0.3264,0.4656,-0.0015,0.011,0.4981,,,,,,,,,,,,,,,,,,,,,,,,,,,,,,,,,,,,,,,,,,,,,,,,,,,,,,,,,,,,,,,,,,,,,,,,,,,,,,,,,,,,,,,,,,,,,,,,,,,,,,,,,,,,,,,,,,,,,,,,5481,,,,None,,,,,,0.0,None,1,gini,2,0.0,None,None,0.0,None,,,,,,,,,,,,deprecated,,,,,,,,,,,,,,,,,,,,,,,,,,,,,,,,,,,,,,,,,,,,,,,,,,,,,,,best,,,,,,,,,,,,,,,,,,,,,,,,,,,,,,,,,,,,,,,,,,,,,,,,,,,,,,,,,,,,Decision Tree Classifier,LOCAL,"[{""run_id"": ""d04eea1f2bd74a0ea5436c91d8e0d24c"", ""artifact_path"": ""model"", ""utc_time_created"": ""2021-06-09 04:15:32.241682"", ""flavors"": {""python_function"": {""model_path"": ""model.pkl"", ""loader_module"": ""mlflow.sklearn"", ""python_version"": ""3.9.5"", ""env"": ""conda.yaml""}, ""sklearn"": {""pickled_model"": ""model.pkl"", ""sklearn_version"": ""0.23.2"", ""serialization_format"": ""cloudpickle""}}}]",C:\Users\user\AppData\Local\Packages\PythonSoftwareFoundation.Python.3.9_qbz5n2kfra8p0\LocalCache\local-packages\Python39\site-packages\ipykernel_launcher.py,042b,user,compare_models,0.24,d04eea1f2bd74a0ea5436c91d8e0d24c,373a85ae
fb162af2b90a450fbaed8b0274cc8c31,1,FINISHED,file:///C:/Users/user/Documents/1.%20GitHub/Albert_Einstein/mlruns/1/fb162af2b90a450fbaed8b0274cc8c31/artifacts,2021-06-09 04:15:31.544000+00:00,2021-06-09 04:15:31.824000+00:00,-0.0021,0.4273,0.4439,0.3285,0.466,-0.002,0.161,0.4929,,,,,,,,,,,,,,,,,,,,,,,,,,,,,,,,,,,,,,,,,,,,,,,,,,,,,,,,,,,,,,,,,,,,,,,,,,,,,,,,,,,-1,,,,,,,,,0,,,,,,,,,,,,,,,,,,,,,,,,,,,,5481,,,100,auto,True,None,False,,False,0.0,None,1,gini,2,0.0,None,None,0.0,None,,,,,,,,,,,,,,,,,,,,,,,,,,,,,,,,,,,,,,,,,,,,,,,,,,,,,,,,,,,,,,,,,,,,,,,,,,,,,,,,,,,,,,,,,,,,,,,,,,,,,,,,,,,,,,,,,,,,,,,,,,,,,,,Random Forest Classifier,LOCAL,"[{""run_id"": ""fb162af2b90a450fbaed8b0274cc8c31"", ""artifact_path"": ""model"", ""utc_time_created"": ""2021-06-09 04:15:31.763960"", ""flavors"": {""python_function"": {""model_path"": ""model.pkl"", ""loader_module"": ""mlflow.sklearn"", ""python_version"": ""3.9.5"", ""env"": ""conda.yaml""}, ""sklearn"": {""pickled_model"": ""model.pkl"", ""sklearn_version"": ""0.23.2"", ""serialization_format"": ""cloudpickle""}}}]",C:\Users\user\AppData\Local\Packages\PythonSoftwareFoundation.Python.3.9_qbz5n2kfra8p0\LocalCache\local-packages\Python39\site-packages\ipykernel_launcher.py,042b,user,compare_models,1.74,fb162af2b90a450fbaed8b0274cc8c31,373a85ae
e0c692957c57410eb2ef2a021f023765,1,FINISHED,file:///C:/Users/user/Documents/1.%20GitHub/Albert_Einstein/mlruns/1/e0c692957c57410eb2ef2a021f023765/artifacts,2021-06-09 04:15:29.020000+00:00,2021-06-09 04:15:31.310000+00:00,-0.0005,0.439,0.4505,0.3329,0.4664,-0.0005,0.124,0.4993,,,,,,,,,,,,,,,,,,,,,,,,,,,,,,,,,,,,,,,,,,,,,,,,,,,,,,,,,,,,,,,,,,,,,,,,,,,,,,,,,,,-1,,,,,,,,,0,,,,,,,,,,,,,,,,,,,,,,,,,,,,5481,,,100,auto,False,None,False,,False,0.0,None,1,gini,2,0.0,None,None,0.0,None,,,,,,,,,,,,,,,,,,,,,,,,,,,,,,,,,,,,,,,,,,,,,,,,,,,,,,,,,,,,,,,,,,,,,,,,,,,,,,,,,,,,,,,,,,,,,,,,,,,,,,,,,,,,,,,,,,,,,,,,,,,,,,,Extra Trees Classifier,LOCAL,"[{""run_id"": ""e0c692957c57410eb2ef2a021f023765"", ""artifact_path"": ""model"", ""utc_time_created"": ""2021-06-09 04:15:30.979060"", ""flavors"": {""python_function"": {""model_path"": ""model.pkl"", ""loader_module"": ""mlflow.sklearn"", ""python_version"": ""3.9.5"", ""env"": ""conda.yaml""}, ""sklearn"": {""pickled_model"": ""model.pkl"", ""sklearn_version"": ""0.23.2"", ""serialization_format"": ""cloudpickle""}}}]",C:\Users\user\AppData\Local\Packages\PythonSoftwareFoundation.Python.3.9_qbz5n2kfra8p0\LocalCache\local-packages\Python39\site-packages\ipykernel_launcher.py,042b,user,compare_models,1.38,e0c692957c57410eb2ef2a021f023765,373a85ae
686ead8c07724b67a606d041c49a0990,1,FINISHED,file:///C:/Users/user/Documents/1.%20GitHub/Albert_Einstein/mlruns/1/686ead8c07724b67a606d041c49a0990/artifacts,2021-06-09 04:12:36.867000+00:00,2021-06-09 04:12:37.115000+00:00,0.0092,0.313,0.3539,0.3378,0.4777,0.0072,0.005,0.5107,,,,,,,,,,,,,,,,,,,,,,,,,,,,,,,,,,,,,,,,,,,,,,,,,,,,,,,,,,,,,,,,,,,,,,,,,,,,,,,,,,,,,,,,,,,,,,,,,,,,,,,,,,,,,,,,,,,,,,,,,,,,,,,,,,,,,,,,,,,,None,1e-09,,,,,,,,,,,,,,,,,,,,,,,,,,,,,,,,,,,,,,,,,,,,,,,,,,,,,,,,,,,,,,,,,,,,,,,,,,,,,,,,,,,,,,,,,,,,,,,,,,,,,,,,,,,,,,,,,,,,,,,,,,,,,Naive Bayes,LOCAL,"[{""run_id"": ""686ead8c07724b67a606d041c49a0990"", ""artifact_path"": ""model"", ""utc_time_created"": ""2021-06-09 04:12:37.057213"", ""flavors"": {""python_function"": {""model_path"": ""model.pkl"", ""loader_module"": ""mlflow.sklearn"", ""python_version"": ""3.9.5"", ""env"": ""conda.yaml""}, ""sklearn"": {""pickled_model"": ""model.pkl"", ""sklearn_version"": ""0.23.2"", ""serialization_format"": ""cloudpickle""}}}]",C:\Users\user\AppData\Local\Packages\PythonSoftwareFoundation.Python.3.9_qbz5n2kfra8p0\LocalCache\local-packages\Python39\site-packages\ipykernel_launcher.py,042b,user,compare_models,0.18,686ead8c07724b67a606d041c49a0990,bbe14164
c4e881f599a24cb7b3483e6b9320123b,1,FINISHED,file:///C:/Users/user/Documents/1.%20GitHub/Albert_Einstein/mlruns/1/c4e881f599a24cb7b3483e6b9320123b/artifacts,2021-06-09 04:12:36.449000+00:00,2021-06-09 04:12:36.702000+00:00,0.0047,0.317,0.3566,0.3328,0.4756,0.0037,0.005,0.5076,,,,,,,,,,,,,,,,,,,,,,,,,,,,,,,,,,,,,,,,,,,,,,,,,,,,,,,,,,,,,,,,,,,,,,,,,,,,,,,,,,,,,,,,,,,,,,,,,,,,,,,,,,,,,,,,,,,,,,,,,,,,,,,,,,,,,,,,,,,,None,,0.0,0.0001,False,,,,,,,,,,,,,,,,,,,,,,,,,,,,,,,,,,,,,,,,,,,,,,,,,,,,,,,,,,,,,,,,,,,,,,,,,,,,,,,,,,,,,,,,,,,,,,,,,,,,,,,,,,,,,,,,,,,,,,,,,,Quadratic Discriminant Analysis,LOCAL,"[{""run_id"": ""c4e881f599a24cb7b3483e6b9320123b"", ""artifact_path"": ""model"", ""utc_time_created"": ""2021-06-09 04:12:36.643322"", ""flavors"": {""python_function"": {""model_path"": ""model.pkl"", ""loader_module"": ""mlflow.sklearn"", ""python_version"": ""3.9.5"", ""env"": ""conda.yaml""}, ""sklearn"": {""pickled_model"": ""model.pkl"", ""sklearn_version"": ""0.23.2"", ""serialization_format"": ""cloudpickle""}}}]",C:\Users\user\AppData\Local\Packages\PythonSoftwareFoundation.Python.3.9_qbz5n2kfra8p0\LocalCache\local-packages\Python39\site-packages\ipykernel_launcher.py,042b,user,compare_models,0.18,c4e881f599a24cb7b3483e6b9320123b,bbe14164
c180c62153454acf98f510f57f7c2f8f,1,FINISHED,file:///C:/Users/user/Documents/1.%20GitHub/Albert_Einstein/mlruns/1/c180c62153454acf98f510f57f7c2f8f/artifacts,2021-06-09 04:12:35.876000+00:00,2021-06-09 04:12:36.255000+00:00,0.0081,0.321,0.3597,0.3357,0.478,0.0073,0.052,0.5078,,,,,,,,,,,,,,,,,,,,,,,,,,,,,,,,,,,,,,,,,,,,,,,,,,,,,,,,,,,,,,,,,,,,,,,,,,,,,,,,,,,,,,,,,,,,,,,,,,,,,,,,,,,,,,,,,,,,,,,,5481,SAMME.R,1.0,50,,,,,,,,,,,,,,,,,,,,,,None,,,,,,,,,,,,,,,,,,,,,,,,,,,,,,,,,,,,,,,,,,,,,,,,,,,,,,,,,,,,,,,,,,,,,,,,,,,,,,,,,,,,,,,,,,,,,,,,,,,,,,,,,,,,,,,,,,,,,,,,,Ada Boost Classifier,LOCAL,"[{""run_id"": ""c180c62153454acf98f510f57f7c2f8f"", ""artifact_path"": ""model"", ""utc_time_created"": ""2021-06-09 04:12:36.170586"", ""flavors"": {""python_function"": {""model_path"": ""model.pkl"", ""loader_module"": ""mlflow.sklearn"", ""python_version"": ""3.9.5"", ""env"": ""conda.yaml""}, ""sklearn"": {""pickled_model"": ""model.pkl"", ""sklearn_version"": ""0.23.2"", ""serialization_format"": ""cloudpickle""}}}]",C:\Users\user\AppData\Local\Packages\PythonSoftwareFoundation.Python.3.9_qbz5n2kfra8p0\LocalCache\local-packages\Python39\site-packages\ipykernel_launcher.py,042b,user,compare_models,0.65,c180c62153454acf98f510f57f7c2f8f,bbe14164
6015efce61734bb3bff5659b5c8deb88,1,FINISHED,file:///C:/Users/user/Documents/1.%20GitHub/Albert_Einstein/mlruns/1/6015efce61734bb3bff5659b5c8deb88/artifacts,2021-06-09 04:12:35.218000+00:00,2021-06-09 04:12:35.658000+00:00,-0.002,0.3287,0.3651,0.3305,0.4668,-0.0016,0.33,0.5038,,,,,,,,,,,,,,,,,,,,,,,,,,,,,,,,,,,,,,,,,,,,,,,,,,,,,,,,,,,,,,,,,,,,,,,,,,,,,,,,,,,,,,,,,,,,0,,,,,,,,,,,,,,,,,,,,,,,,,,,,5481,,0.1,100,None,,,,,False,0.0,None,1,friedman_mse,2,0.0,3,None,0.0,,,,,0.0001,,,deviance,None,0.1,None,1.0,deprecated,,,,,,,,,,,,,,,,,,,,,,,,,,,,,,,,,,,,,,,,,,,,,,,,,,,,,,,,,,,,,,,,,,,,,,,,,,,,,,,,,,,,,,,,,,,,,,,,,,,,,,,,,,,,,,,,,,,Gradient Boosting Classifier,LOCAL,"[{""run_id"": ""6015efce61734bb3bff5659b5c8deb88"", ""artifact_path"": ""model"", ""utc_time_created"": ""2021-06-09 04:12:35.517333"", ""flavors"": {""python_function"": {""model_path"": ""model.pkl"", ""loader_module"": ""mlflow.sklearn"", ""python_version"": ""3.9.5"", ""env"": ""conda.yaml""}, ""sklearn"": {""pickled_model"": ""model.pkl"", ""sklearn_version"": ""0.23.2"", ""serialization_format"": ""cloudpickle""}}}]",C:\Users\user\AppData\Local\Packages\PythonSoftwareFoundation.Python.3.9_qbz5n2kfra8p0\LocalCache\local-packages\Python39\site-packages\ipykernel_launcher.py,042b,user,compare_models,3.45,6015efce61734bb3bff5659b5c8deb88,bbe14164
eae08e7be3fe4d8da05aa96d4915bb87,1,FINISHED,file:///C:/Users/user/Documents/1.%20GitHub/Albert_Einstein/mlruns/1/eae08e7be3fe4d8da05aa96d4915bb87/artifacts,2021-06-09 04:12:34.672000+00:00,2021-06-09 04:12:35.007000+00:00,0.0143,0.351,0.3863,0.3504,0.4763,0.0124,0.008,0.51,,,,,,,,,,,,,,,,,,,,,,,,,,,,,,,,,,,,,,,,,,,,,,,,,,,,,,,,,,,,,,,,,,,,,,,,,,,,,,,,,,,,,,,,,,,,,,,,,,,,,,,,,,,,,,,,,,,,,,,,,,,,,,,,,,,,,,,,,,,,None,,,0.0001,False,,,,,,,,None,svd,None,,,,,,,,,,,,,,,,,,,,,,,,,,,,,,,,,,,,,,,,,,,,,,,,,,,,,,,,,,,,,,,,,,,,,,,,,,,,,,,,,,,,,,,,,,,,,,,,,,,,,,,,,,,,,,,,Linear Discriminant Analysis,LOCAL,"[{""run_id"": ""eae08e7be3fe4d8da05aa96d4915bb87"", ""artifact_path"": ""model"", ""utc_time_created"": ""2021-06-09 04:12:34.901979"", ""flavors"": {""python_function"": {""model_path"": ""model.pkl"", ""loader_module"": ""mlflow.sklearn"", ""python_version"": ""3.9.5"", ""env"": ""conda.yaml""}, ""sklearn"": {""pickled_model"": ""model.pkl"", ""sklearn_version"": ""0.23.2"", ""serialization_format"": ""cloudpickle""}}}]",C:\Users\user\AppData\Local\Packages\PythonSoftwareFoundation.Python.3.9_qbz5n2kfra8p0\LocalCache\local-packages\Python39\site-packages\ipykernel_launcher.py,042b,user,compare_models,0.21,eae08e7be3fe4d8da05aa96d4915bb87,bbe14164
1d19292dd22740b4a88334d1dd913099,1,FINISHED,file:///C:/Users/user/Documents/1.%20GitHub/Albert_Einstein/mlruns/1/1d19292dd22740b4a88334d1dd913099/artifacts,2021-06-09 04:12:34.071000+00:00,2021-06-09 04:12:34.432000+00:00,0.0145,0.351,0.3864,0.3504,0.4767,0.0126,0.018,0.51,,,,,,,,,,,,,,,,,,,,,,,,,,,,,,,,,,,,,,,,,,,,,,,,,,,,,,,,,,,,,,,,,,,,,,,,,,,,,,,,,,,None,,,,,,,,,0,,,,,,,,,,,,,,,,,,,,,,,,,,,,5481,,,,,,,,,False,,,,,,,,,,None,,,,0.0001,,,,,,,,,,lbfgs,,auto,1000,True,False,1,None,l2,1.0,,,,,,,,,,,,,,,,,,,,,,,,,,,,,,,,,,,,,,,,,,,,,,,,,,,,,,,,,,,,,,,,,,,,,,,,,,,,,,,,,,,,,,,,,,,,,,,,,,,,,,,,Logistic Regression,LOCAL,"[{""run_id"": ""1d19292dd22740b4a88334d1dd913099"", ""artifact_path"": ""model"", ""utc_time_created"": ""2021-06-09 04:12:34.324524"", ""flavors"": {""python_function"": {""model_path"": ""model.pkl"", ""loader_module"": ""mlflow.sklearn"", ""python_version"": ""3.9.5"", ""env"": ""conda.yaml""}, ""sklearn"": {""pickled_model"": ""model.pkl"", ""sklearn_version"": ""0.23.2"", ""serialization_format"": ""cloudpickle""}}}]",C:\Users\user\AppData\Local\Packages\PythonSoftwareFoundation.Python.3.9_qbz5n2kfra8p0\LocalCache\local-packages\Python39\site-packages\ipykernel_launcher.py,042b,user,compare_models,0.31,1d19292dd22740b4a88334d1dd913099,bbe14164
86c578ad1d7f46c2bd62e588db69b8d3,1,FINISHED,file:///C:/Users/user/Documents/1.%20GitHub/Albert_Einstein/mlruns/1/86c578ad1d7f46c2bd62e588db69b8d3/artifacts,2021-06-09 04:12:33.554000+00:00,2021-06-09 04:12:33.858000+00:00,0.0147,0.3513,0.3866,0.351,0.4766,0.0128,0.005,0.0,,,,,,,,,,,,,,,,,,,,,,,,,,,,,,,,,,,,,,,,,,,,,,,,,,,,,,,,,,,,,,,,,,,,,,,,,,,,,,,,,,,,,,,,,,,,,,,,,,,,,,,,,,,,,,,,,,,,,,,,5481,,,,,,,,,,,,,,,,,,,None,,,,0.001,,,,,,,,,,auto,,,None,True,,,,,,False,True,1.0,,,,,,,,,,,,,,,,,,,,,,,,,,,,,,,,,,,,,,,,,,,,,,,,,,,,,,,,,,,,,,,,,,,,,,,,,,,,,,,,,,,,,,,,,,,,,,,,,,,,,Ridge Classifier,LOCAL,"[{""run_id"": ""86c578ad1d7f46c2bd62e588db69b8d3"", ""artifact_path"": ""model"", ""utc_time_created"": ""2021-06-09 04:12:33.774994"", ""flavors"": {""python_function"": {""model_path"": ""model.pkl"", ""loader_module"": ""mlflow.sklearn"", ""python_version"": ""3.9.5"", ""env"": ""conda.yaml""}, ""sklearn"": {""pickled_model"": ""model.pkl"", ""sklearn_version"": ""0.23.2"", ""serialization_format"": ""cloudpickle""}}}]",C:\Users\user\AppData\Local\Packages\PythonSoftwareFoundation.Python.3.9_qbz5n2kfra8p0\LocalCache\local-packages\Python39\site-packages\ipykernel_launcher.py,042b,user,compare_models,0.18,86c578ad1d7f46c2bd62e588db69b8d3,bbe14164
e99746fc7fa94289a5f6266cc11fcd40,1,FINISHED,file:///C:/Users/user/Documents/1.%20GitHub/Albert_Einstein/mlruns/1/e99746fc7fa94289a5f6266cc11fcd40/artifacts,2021-06-09 04:12:33.049000+00:00,2021-06-09 04:12:33.373000+00:00,-0.0037,0.3733,0.4048,0.3298,0.4639,-0.0034,0.01,0.4965,,,,,,,,,,,,,,,,,,,,,,,,,,,,,,,,,,,,,,,,,,,,,,,,,,,,,,,,,,,,,,,,,,,,,,,,,,,,,,,,,,,-1,,,,,,,,,,,,,,,,,,,,,,,,,,,,,,,,,,,uniform,,,auto,,,,,,,,,,,,,,,,,,,,,,,,,,,,,,,,,,,,,,,,,,,,,30,minkowski,2,5,None,,,,,,,,,,,,,,,,,,,,,,,,,,,,,,,,,,,,,,,,,,,,,,,,,,,,,,,,,,,,,,,,,,,,,,,,,,,,,,,,,,,,,,,,,,,,,,,,K Neighbors Classifier,LOCAL,"[{""run_id"": ""e99746fc7fa94289a5f6266cc11fcd40"", ""artifact_path"": ""model"", ""utc_time_created"": ""2021-06-09 04:12:33.301262"", ""flavors"": {""python_function"": {""model_path"": ""model.pkl"", ""loader_module"": ""mlflow.sklearn"", ""python_version"": ""3.9.5"", ""env"": ""conda.yaml""}, ""sklearn"": {""pickled_model"": ""model.pkl"", ""sklearn_version"": ""0.23.2"", ""serialization_format"": ""cloudpickle""}}}]",C:\Users\user\AppData\Local\Packages\PythonSoftwareFoundation.Python.3.9_qbz5n2kfra8p0\LocalCache\local-packages\Python39\site-packages\ipykernel_launcher.py,042b,user,compare_models,0.22,e99746fc7fa94289a5f6266cc11fcd40,bbe14164
d17223275b0846dc977785556e6320f2,1,FINISHED,file:///C:/Users/user/Documents/1.%20GitHub/Albert_Einstein/mlruns/1/d17223275b0846dc977785556e6320f2/artifacts,2021-06-09 04:12:32.494000+00:00,2021-06-09 04:12:32.867000+00:00,0.0083,0.378,0.374,0.3396,0.4711,0.0096,0.039,0.0,,,,,,,,,,,,,,,,,,,,,,,,,,,,,,,,,,,,,,,,,,,,,,,,,,,,,,,,,,,,,,,,,,,,,,,,,,,,,,,,,,,-1,,,,,,,,,0,,,,,,,,,,,,,,,,,,,,,,,,,,,,5481,,optimal,,,,,,,False,,,,,,,,,,None,,,,0.001,,,hinge,,0.1,5,,,,,,,1000,True,,,0.15,l2,,,,0.0001,,,,,,False,0.1,0.5,0.001,False,True,,,,,,,,,,,,,,,,,,,,,,,,,,,,,,,,,,,,,,,,,,,,,,,,,,,,,,,,,,,,,,,,,,,,,,,,,,,,,,,,,,,,,,,,,,SVM - Linear Kernel,LOCAL,"[{""run_id"": ""d17223275b0846dc977785556e6320f2"", ""artifact_path"": ""model"", ""utc_time_created"": ""2021-06-09 04:12:32.772675"", ""flavors"": {""python_function"": {""model_path"": ""model.pkl"", ""loader_module"": ""mlflow.sklearn"", ""python_version"": ""3.9.5"", ""env"": ""conda.yaml""}, ""sklearn"": {""pickled_model"": ""model.pkl"", ""sklearn_version"": ""0.23.2"", ""serialization_format"": ""cloudpickle""}}}]",C:\Users\user\AppData\Local\Packages\PythonSoftwareFoundation.Python.3.9_qbz5n2kfra8p0\LocalCache\local-packages\Python39\site-packages\ipykernel_launcher.py,042b,user,compare_models,0.52,d17223275b0846dc977785556e6320f2,bbe14164
5e682f431b31488aa9d9ae6e0ef4d2de,1,FINISHED,file:///C:/Users/user/Documents/1.%20GitHub/Albert_Einstein/mlruns/1/5e682f431b31488aa9d9ae6e0ef4d2de/artifacts,2021-06-09 04:12:31.881000+00:00,2021-06-09 04:12:32.314000+00:00,-0.0129,0.3797,0.4071,0.3264,0.4581,-0.0125,0.572,0.497,,,,,,,,,,,,,,,,,,,,,,,,,,,,,,,,,,,,,,,,,,,,,,,,,,,,,,,,,,,,,,,,,,,,,,,,,,,,,,,,,,,-1,,,,,,,,,,,,,,,,,,,,,,,,,,,,,,,,,,,,,5481,,None,100,,,,,,,,,,,,,None,,,,,,,,,,,,,,None,,,,,,,,,,,,,,,,,,,,,,,,,,,None,auto,gain,None,None,None,None,None,None,0,None,None,gbtree,None,None,nan,binary:logistic,None,None,None,None,True,,,,,,,,,,,,,,,,,,,,,,,,,,,,,,,,,,,,,,,,,,,,,,,,,,,,,,,,,,,,,,,,,,,,Extreme Gradient Boosting,LOCAL,"[{""run_id"": ""5e682f431b31488aa9d9ae6e0ef4d2de"", ""artifact_path"": ""model"", ""utc_time_created"": ""2021-06-09 04:12:32.235114"", ""flavors"": {""python_function"": {""model_path"": ""model.pkl"", ""loader_module"": ""mlflow.sklearn"", ""python_version"": ""3.9.5"", ""env"": ""conda.yaml""}, ""sklearn"": {""pickled_model"": ""model.pkl"", ""sklearn_version"": ""0.23.2"", ""serialization_format"": ""cloudpickle""}}}]",C:\Users\user\AppData\Local\Packages\PythonSoftwareFoundation.Python.3.9_qbz5n2kfra8p0\LocalCache\local-packages\Python39\site-packages\ipykernel_launcher.py,042b,user,compare_models,5.85,5e682f431b31488aa9d9ae6e0ef4d2de,bbe14164
8befc6d442b7449987da7fb102c3c068,1,FINISHED,file:///C:/Users/user/Documents/1.%20GitHub/Albert_Einstein/mlruns/1/8befc6d442b7449987da7fb102c3c068/artifacts,2021-06-09 04:12:31.344000+00:00,2021-06-09 04:12:31.686000+00:00,0.0067,0.396,0.4254,0.3306,0.4733,0.0065,0.157,0.5093,,,,,,,,,,,,,,,,,,,,,,,,,,,,,,,,,,,,,,,,,,,,,,,,,,,,,,,,,,,,,,,,,,,,,,,,,,,,,,,,,,,-1,,,,,,,,,,,,,,,,,,,,,,,,,,,,,,,,,,,,,5481,,0.1,100,,,,,,,,,,,,,-1,,,None,,,,,,,,,,,1.0,,,,,,,,,,,,,,,,,,,,,,,,,,,1.0,,split,,0.0,,,,0.0,,,,,,,,None,,,0.001,,,gbdt,200000,0.0,31,True,0,20,,,,,,,,,,,,,,,,,,,,,,,,,,,,,,,,,,,,,,,,,,,,,,,,,,,,,,,,,,,,,Light Gradient Boosting Machine,LOCAL,"[{""run_id"": ""8befc6d442b7449987da7fb102c3c068"", ""artifact_path"": ""model"", ""utc_time_created"": ""2021-06-09 04:12:31.618763"", ""flavors"": {""python_function"": {""model_path"": ""model.pkl"", ""loader_module"": ""mlflow.sklearn"", ""python_version"": ""3.9.5"", ""env"": ""conda.yaml""}, ""sklearn"": {""pickled_model"": ""model.pkl"", ""sklearn_version"": ""0.23.2"", ""serialization_format"": ""cloudpickle""}}}]",C:\Users\user\AppData\Local\Packages\PythonSoftwareFoundation.Python.3.9_qbz5n2kfra8p0\LocalCache\local-packages\Python39\site-packages\ipykernel_launcher.py,042b,user,compare_models,1.69,8befc6d442b7449987da7fb102c3c068,bbe14164
8d6fba04034a4683b76ae60f8642b021,1,FINISHED,file:///C:/Users/user/Documents/1.%20GitHub/Albert_Einstein/mlruns/1/8d6fba04034a4683b76ae60f8642b021/artifacts,2021-06-09 04:12:29.193000+00:00,2021-06-09 04:12:31.160000+00:00,-0.0018,0.4033,0.4276,0.3264,0.4656,-0.0015,0.009,0.4981,,,,,,,,,,,,,,,,,,,,,,,,,,,,,,,,,,,,,,,,,,,,,,,,,,,,,,,,,,,,,,,,,,,,,,,,,,,,,,,,,,,,,,,,,,,,,,,,,,,,,,,,,,,,,,,,,,,,,,,,5481,,,,None,,,,,,0.0,None,1,gini,2,0.0,None,None,0.0,None,,,,,,,,,,,,deprecated,,,,,,,,,,,,,,,,,,,,,,,,,,,,,,,,,,,,,,,,,,,,,,,,,,,,,,,best,,,,,,,,,,,,,,,,,,,,,,,,,,,,,,,,,,,,,,,,,,,,,,,,,,,,,,,,,,,,Decision Tree Classifier,LOCAL,"[{""run_id"": ""8d6fba04034a4683b76ae60f8642b021"", ""artifact_path"": ""model"", ""utc_time_created"": ""2021-06-09 04:12:31.093169"", ""flavors"": {""python_function"": {""model_path"": ""model.pkl"", ""loader_module"": ""mlflow.sklearn"", ""python_version"": ""3.9.5"", ""env"": ""conda.yaml""}, ""sklearn"": {""pickled_model"": ""model.pkl"", ""sklearn_version"": ""0.23.2"", ""serialization_format"": ""cloudpickle""}}}]",C:\Users\user\AppData\Local\Packages\PythonSoftwareFoundation.Python.3.9_qbz5n2kfra8p0\LocalCache\local-packages\Python39\site-packages\ipykernel_launcher.py,042b,user,compare_models,0.21,8d6fba04034a4683b76ae60f8642b021,bbe14164
d3fe54c612fc40b59a55e8e01b03cc09,1,FINISHED,file:///C:/Users/user/Documents/1.%20GitHub/Albert_Einstein/mlruns/1/d3fe54c612fc40b59a55e8e01b03cc09/artifacts,2021-06-09 04:12:26.554000+00:00,2021-06-09 04:12:28.824000+00:00,-0.0021,0.4273,0.4439,0.3285,0.466,-0.002,0.153,0.4929,,,,,,,,,,,,,,,,,,,,,,,,,,,,,,,,,,,,,,,,,,,,,,,,,,,,,,,,,,,,,,,,,,,,,,,,,,,,,,,,,,,-1,,,,,,,,,0,,,,,,,,,,,,,,,,,,,,,,,,,,,,5481,,,100,auto,True,None,False,,False,0.0,None,1,gini,2,0.0,None,None,0.0,None,,,,,,,,,,,,,,,,,,,,,,,,,,,,,,,,,,,,,,,,,,,,,,,,,,,,,,,,,,,,,,,,,,,,,,,,,,,,,,,,,,,,,,,,,,,,,,,,,,,,,,,,,,,,,,,,,,,,,,,,,,,,,,,Random Forest Classifier,LOCAL,"[{""run_id"": ""d3fe54c612fc40b59a55e8e01b03cc09"", ""artifact_path"": ""model"", ""utc_time_created"": ""2021-06-09 04:12:28.632752"", ""flavors"": {""python_function"": {""model_path"": ""model.pkl"", ""loader_module"": ""mlflow.sklearn"", ""python_version"": ""3.9.5"", ""env"": ""conda.yaml""}, ""sklearn"": {""pickled_model"": ""model.pkl"", ""sklearn_version"": ""0.23.2"", ""serialization_format"": ""cloudpickle""}}}]",C:\Users\user\AppData\Local\Packages\PythonSoftwareFoundation.Python.3.9_qbz5n2kfra8p0\LocalCache\local-packages\Python39\site-packages\ipykernel_launcher.py,042b,user,compare_models,1.65,d3fe54c612fc40b59a55e8e01b03cc09,bbe14164
e315314954504b89b8f0ea1699b1f4cf,1,FINISHED,file:///C:/Users/user/Documents/1.%20GitHub/Albert_Einstein/mlruns/1/e315314954504b89b8f0ea1699b1f4cf/artifacts,2021-06-09 04:12:23.780000+00:00,2021-06-09 04:12:25.920000+00:00,-0.0005,0.439,0.4505,0.3329,0.4664,-0.0005,0.117,0.4993,,,,,,,,,,,,,,,,,,,,,,,,,,,,,,,,,,,,,,,,,,,,,,,,,,,,,,,,,,,,,,,,,,,,,,,,,,,,,,,,,,,-1,,,,,,,,,0,,,,,,,,,,,,,,,,,,,,,,,,,,,,5481,,,100,auto,False,None,False,,False,0.0,None,1,gini,2,0.0,None,None,0.0,None,,,,,,,,,,,,,,,,,,,,,,,,,,,,,,,,,,,,,,,,,,,,,,,,,,,,,,,,,,,,,,,,,,,,,,,,,,,,,,,,,,,,,,,,,,,,,,,,,,,,,,,,,,,,,,,,,,,,,,,,,,,,,,,Extra Trees Classifier,LOCAL,"[{""run_id"": ""e315314954504b89b8f0ea1699b1f4cf"", ""artifact_path"": ""model"", ""utc_time_created"": ""2021-06-09 04:12:25.638761"", ""flavors"": {""python_function"": {""model_path"": ""model.pkl"", ""loader_module"": ""mlflow.sklearn"", ""python_version"": ""3.9.5"", ""env"": ""conda.yaml""}, ""sklearn"": {""pickled_model"": ""model.pkl"", ""sklearn_version"": ""0.23.2"", ""serialization_format"": ""cloudpickle""}}}]",C:\Users\user\AppData\Local\Packages\PythonSoftwareFoundation.Python.3.9_qbz5n2kfra8p0\LocalCache\local-packages\Python39\site-packages\ipykernel_launcher.py,042b,user,compare_models,1.34,e315314954504b89b8f0ea1699b1f4cf,bbe14164
2cf005fc2e0e456ba6273345fa1bd523,1,FINISHED,file:///C:/Users/user/Documents/1.%20GitHub/Albert_Einstein/mlruns/1/2cf005fc2e0e456ba6273345fa1bd523/artifacts,2021-06-09 04:10:59.518000+00:00,2021-06-09 04:11:01.922000+00:00,-0.000524075940685439,0.43899999999999995,0.45052514800755583,0.33294199800861646,0.4664179517840455,-0.0004876286061813673,0.22,0.4993313586513765,,,,,,,,,,,,,,,,,,,,,,,,,,,,,,,,,,,,,,,,,,,,,,,,,,,,,,,,,,,,,,,,,,,,,,,,,,,,,,,,,,,-1,,,,,,,,,0,,,,,,,,,,,,,,,,,,,,,,,,,,,,5481,,,100,auto,False,None,False,,False,0.0,None,1,gini,2,0.0,None,None,0.0,None,,,,,,,,,,,,,,,,,,,,,,,,,,,,,,,,,,,,,,,,,,,,,,,,,,,,,,,,,,,,,,,,,,,,,,,,,,,,,,,,,,,,,,,,,,,,,,,,,,,,,,,,,,,,,,,,,,,,,,,,,,,,,,,Extra Trees Classifier,LOCAL,"[{""run_id"": ""2cf005fc2e0e456ba6273345fa1bd523"", ""artifact_path"": ""model"", ""utc_time_created"": ""2021-06-09 04:11:01.552140"", ""flavors"": {""python_function"": {""model_path"": ""model.pkl"", ""loader_module"": ""mlflow.sklearn"", ""python_version"": ""3.9.5"", ""env"": ""conda.yaml""}, ""sklearn"": {""pickled_model"": ""model.pkl"", ""sklearn_version"": ""0.23.2"", ""serialization_format"": ""cloudpickle""}}}]",C:\Users\user\AppData\Local\Packages\PythonSoftwareFoundation.Python.3.9_qbz5n2kfra8p0\LocalCache\local-packages\Python39\site-packages\ipykernel_launcher.py,042b,user,create_model,1.53,2cf005fc2e0e456ba6273345fa1bd523,afb87480
ca2e123417044a2ebf7644cd89621002,1,FINISHED,file:///C:/Users/user/Documents/1.%20GitHub/Albert_Einstein/mlruns/1/ca2e123417044a2ebf7644cd89621002/artifacts,2021-06-09 04:10:12.195000+00:00,2021-06-09 04:10:12.448000+00:00,0.0092,0.313,0.3539,0.3378,0.4777,0.0072,0.007,0.5107,,,,,,,,,,,,,,,,,,,,,,,,,,,,,,,,,,,,,,,,,,,,,,,,,,,,,,,,,,,,,,,,,,,,,,,,,,,,,,,,,,,,,,,,,,,,,,,,,,,,,,,,,,,,,,,,,,,,,,,,,,,,,,,,,,,,,,,,,,,,None,1e-09,,,,,,,,,,,,,,,,,,,,,,,,,,,,,,,,,,,,,,,,,,,,,,,,,,,,,,,,,,,,,,,,,,,,,,,,,,,,,,,,,,,,,,,,,,,,,,,,,,,,,,,,,,,,,,,,,,,,,,,,,,,,,Naive Bayes,LOCAL,"[{""run_id"": ""ca2e123417044a2ebf7644cd89621002"", ""artifact_path"": ""model"", ""utc_time_created"": ""2021-06-09 04:10:12.393705"", ""flavors"": {""python_function"": {""model_path"": ""model.pkl"", ""loader_module"": ""mlflow.sklearn"", ""python_version"": ""3.9.5"", ""env"": ""conda.yaml""}, ""sklearn"": {""pickled_model"": ""model.pkl"", ""sklearn_version"": ""0.23.2"", ""serialization_format"": ""cloudpickle""}}}]",C:\Users\user\AppData\Local\Packages\PythonSoftwareFoundation.Python.3.9_qbz5n2kfra8p0\LocalCache\local-packages\Python39\site-packages\ipykernel_launcher.py,042b,user,compare_models,0.2,ca2e123417044a2ebf7644cd89621002,77491d22
18130dbaa25c4a8ca10076669c8f9f79,1,FINISHED,file:///C:/Users/user/Documents/1.%20GitHub/Albert_Einstein/mlruns/1/18130dbaa25c4a8ca10076669c8f9f79/artifacts,2021-06-09 04:10:11.758000+00:00,2021-06-09 04:10:12.025000+00:00,0.0047,0.317,0.3566,0.3328,0.4756,0.0037,0.007,0.5076,,,,,,,,,,,,,,,,,,,,,,,,,,,,,,,,,,,,,,,,,,,,,,,,,,,,,,,,,,,,,,,,,,,,,,,,,,,,,,,,,,,,,,,,,,,,,,,,,,,,,,,,,,,,,,,,,,,,,,,,,,,,,,,,,,,,,,,,,,,,None,,0.0,0.0001,False,,,,,,,,,,,,,,,,,,,,,,,,,,,,,,,,,,,,,,,,,,,,,,,,,,,,,,,,,,,,,,,,,,,,,,,,,,,,,,,,,,,,,,,,,,,,,,,,,,,,,,,,,,,,,,,,,,,,,,,,,,Quadratic Discriminant Analysis,LOCAL,"[{""run_id"": ""18130dbaa25c4a8ca10076669c8f9f79"", ""artifact_path"": ""model"", ""utc_time_created"": ""2021-06-09 04:10:11.963855"", ""flavors"": {""python_function"": {""model_path"": ""model.pkl"", ""loader_module"": ""mlflow.sklearn"", ""python_version"": ""3.9.5"", ""env"": ""conda.yaml""}, ""sklearn"": {""pickled_model"": ""model.pkl"", ""sklearn_version"": ""0.23.2"", ""serialization_format"": ""cloudpickle""}}}]",C:\Users\user\AppData\Local\Packages\PythonSoftwareFoundation.Python.3.9_qbz5n2kfra8p0\LocalCache\local-packages\Python39\site-packages\ipykernel_launcher.py,042b,user,compare_models,0.19,18130dbaa25c4a8ca10076669c8f9f79,77491d22
024d8ae49be44770b3d94200e6f2fde5,1,FINISHED,file:///C:/Users/user/Documents/1.%20GitHub/Albert_Einstein/mlruns/1/024d8ae49be44770b3d94200e6f2fde5/artifacts,2021-06-09 04:10:11.260000+00:00,2021-06-09 04:10:11.581000+00:00,0.0081,0.321,0.3597,0.3357,0.478,0.0073,0.058,0.5078,,,,,,,,,,,,,,,,,,,,,,,,,,,,,,,,,,,,,,,,,,,,,,,,,,,,,,,,,,,,,,,,,,,,,,,,,,,,,,,,,,,,,,,,,,,,,,,,,,,,,,,,,,,,,,,,,,,,,,,,5481,SAMME.R,1.0,50,,,,,,,,,,,,,,,,,,,,,,None,,,,,,,,,,,,,,,,,,,,,,,,,,,,,,,,,,,,,,,,,,,,,,,,,,,,,,,,,,,,,,,,,,,,,,,,,,,,,,,,,,,,,,,,,,,,,,,,,,,,,,,,,,,,,,,,,,,,,,,,,Ada Boost Classifier,LOCAL,"[{""run_id"": ""024d8ae49be44770b3d94200e6f2fde5"", ""artifact_path"": ""model"", ""utc_time_created"": ""2021-06-09 04:10:11.514058"", ""flavors"": {""python_function"": {""model_path"": ""model.pkl"", ""loader_module"": ""mlflow.sklearn"", ""python_version"": ""3.9.5"", ""env"": ""conda.yaml""}, ""sklearn"": {""pickled_model"": ""model.pkl"", ""sklearn_version"": ""0.23.2"", ""serialization_format"": ""cloudpickle""}}}]",C:\Users\user\AppData\Local\Packages\PythonSoftwareFoundation.Python.3.9_qbz5n2kfra8p0\LocalCache\local-packages\Python39\site-packages\ipykernel_launcher.py,042b,user,compare_models,0.71,024d8ae49be44770b3d94200e6f2fde5,77491d22
c55063f59d364ae5a664cdf9e281bd7b,1,FINISHED,file:///C:/Users/user/Documents/1.%20GitHub/Albert_Einstein/mlruns/1/c55063f59d364ae5a664cdf9e281bd7b/artifacts,2021-06-09 04:10:10.753000+00:00,2021-06-09 04:10:11.101000+00:00,-0.002,0.3287,0.3651,0.3305,0.4668,-0.0016,0.326,0.5038,,,,,,,,,,,,,,,,,,,,,,,,,,,,,,,,,,,,,,,,,,,,,,,,,,,,,,,,,,,,,,,,,,,,,,,,,,,,,,,,,,,,,,,,,,,,0,,,,,,,,,,,,,,,,,,,,,,,,,,,,5481,,0.1,100,None,,,,,False,0.0,None,1,friedman_mse,2,0.0,3,None,0.0,,,,,0.0001,,,deviance,None,0.1,None,1.0,deprecated,,,,,,,,,,,,,,,,,,,,,,,,,,,,,,,,,,,,,,,,,,,,,,,,,,,,,,,,,,,,,,,,,,,,,,,,,,,,,,,,,,,,,,,,,,,,,,,,,,,,,,,,,,,,,,,,,,,Gradient Boosting Classifier,LOCAL,"[{""run_id"": ""c55063f59d364ae5a664cdf9e281bd7b"", ""artifact_path"": ""model"", ""utc_time_created"": ""2021-06-09 04:10:11.034342"", ""flavors"": {""python_function"": {""model_path"": ""model.pkl"", ""loader_module"": ""mlflow.sklearn"", ""python_version"": ""3.9.5"", ""env"": ""conda.yaml""}, ""sklearn"": {""pickled_model"": ""model.pkl"", ""sklearn_version"": ""0.23.2"", ""serialization_format"": ""cloudpickle""}}}]",C:\Users\user\AppData\Local\Packages\PythonSoftwareFoundation.Python.3.9_qbz5n2kfra8p0\LocalCache\local-packages\Python39\site-packages\ipykernel_launcher.py,042b,user,compare_models,3.4,c55063f59d364ae5a664cdf9e281bd7b,77491d22
06b259684e7548369282a921cae09440,1,FINISHED,file:///C:/Users/user/Documents/1.%20GitHub/Albert_Einstein/mlruns/1/06b259684e7548369282a921cae09440/artifacts,2021-06-09 04:10:10.305000+00:00,2021-06-09 04:10:10.591000+00:00,0.0143,0.351,0.3863,0.3504,0.4763,0.0124,0.007,0.51,,,,,,,,,,,,,,,,,,,,,,,,,,,,,,,,,,,,,,,,,,,,,,,,,,,,,,,,,,,,,,,,,,,,,,,,,,,,,,,,,,,,,,,,,,,,,,,,,,,,,,,,,,,,,,,,,,,,,,,,,,,,,,,,,,,,,,,,,,,,None,,,0.0001,False,,,,,,,,None,svd,None,,,,,,,,,,,,,,,,,,,,,,,,,,,,,,,,,,,,,,,,,,,,,,,,,,,,,,,,,,,,,,,,,,,,,,,,,,,,,,,,,,,,,,,,,,,,,,,,,,,,,,,,,,,,,,,,Linear Discriminant Analysis,LOCAL,"[{""run_id"": ""06b259684e7548369282a921cae09440"", ""artifact_path"": ""model"", ""utc_time_created"": ""2021-06-09 04:10:10.528695"", ""flavors"": {""python_function"": {""model_path"": ""model.pkl"", ""loader_module"": ""mlflow.sklearn"", ""python_version"": ""3.9.5"", ""env"": ""conda.yaml""}, ""sklearn"": {""pickled_model"": ""model.pkl"", ""sklearn_version"": ""0.23.2"", ""serialization_format"": ""cloudpickle""}}}]",C:\Users\user\AppData\Local\Packages\PythonSoftwareFoundation.Python.3.9_qbz5n2kfra8p0\LocalCache\local-packages\Python39\site-packages\ipykernel_launcher.py,042b,user,compare_models,0.2,06b259684e7548369282a921cae09440,77491d22
4354448b2f444400ae687f6cd86cf461,1,FINISHED,file:///C:/Users/user/Documents/1.%20GitHub/Albert_Einstein/mlruns/1/4354448b2f444400ae687f6cd86cf461/artifacts,2021-06-09 04:10:09.814000+00:00,2021-06-09 04:10:10.149000+00:00,0.0145,0.351,0.3864,0.3504,0.4767,0.0126,0.27,0.51,,,,,,,,,,,,,,,,,,,,,,,,,,,,,,,,,,,,,,,,,,,,,,,,,,,,,,,,,,,,,,,,,,,,,,,,,,,,,,,,,,,None,,,,,,,,,0,,,,,,,,,,,,,,,,,,,,,,,,,,,,5481,,,,,,,,,False,,,,,,,,,,None,,,,0.0001,,,,,,,,,,lbfgs,,auto,1000,True,False,1,None,l2,1.0,,,,,,,,,,,,,,,,,,,,,,,,,,,,,,,,,,,,,,,,,,,,,,,,,,,,,,,,,,,,,,,,,,,,,,,,,,,,,,,,,,,,,,,,,,,,,,,,,,,,,,,,Logistic Regression,LOCAL,"[{""run_id"": ""4354448b2f444400ae687f6cd86cf461"", ""artifact_path"": ""model"", ""utc_time_created"": ""2021-06-09 04:10:10.085879"", ""flavors"": {""python_function"": {""model_path"": ""model.pkl"", ""loader_module"": ""mlflow.sklearn"", ""python_version"": ""3.9.5"", ""env"": ""conda.yaml""}, ""sklearn"": {""pickled_model"": ""model.pkl"", ""sklearn_version"": ""0.23.2"", ""serialization_format"": ""cloudpickle""}}}]",C:\Users\user\AppData\Local\Packages\PythonSoftwareFoundation.Python.3.9_qbz5n2kfra8p0\LocalCache\local-packages\Python39\site-packages\ipykernel_launcher.py,042b,user,compare_models,2.9,4354448b2f444400ae687f6cd86cf461,77491d22
96e2574aa0874bcd8960f164c0f16c22,1,FINISHED,file:///C:/Users/user/Documents/1.%20GitHub/Albert_Einstein/mlruns/1/96e2574aa0874bcd8960f164c0f16c22/artifacts,2021-06-09 04:10:09.371000+00:00,2021-06-09 04:10:09.651000+00:00,0.0147,0.3513,0.3866,0.351,0.4766,0.0128,0.006,0.0,,,,,,,,,,,,,,,,,,,,,,,,,,,,,,,,,,,,,,,,,,,,,,,,,,,,,,,,,,,,,,,,,,,,,,,,,,,,,,,,,,,,,,,,,,,,,,,,,,,,,,,,,,,,,,,,,,,,,,,,5481,,,,,,,,,,,,,,,,,,,None,,,,0.001,,,,,,,,,,auto,,,None,True,,,,,,False,True,1.0,,,,,,,,,,,,,,,,,,,,,,,,,,,,,,,,,,,,,,,,,,,,,,,,,,,,,,,,,,,,,,,,,,,,,,,,,,,,,,,,,,,,,,,,,,,,,,,,,,,,,Ridge Classifier,LOCAL,"[{""run_id"": ""96e2574aa0874bcd8960f164c0f16c22"", ""artifact_path"": ""model"", ""utc_time_created"": ""2021-06-09 04:10:09.590207"", ""flavors"": {""python_function"": {""model_path"": ""model.pkl"", ""loader_module"": ""mlflow.sklearn"", ""python_version"": ""3.9.5"", ""env"": ""conda.yaml""}, ""sklearn"": {""pickled_model"": ""model.pkl"", ""sklearn_version"": ""0.23.2"", ""serialization_format"": ""cloudpickle""}}}]",C:\Users\user\AppData\Local\Packages\PythonSoftwareFoundation.Python.3.9_qbz5n2kfra8p0\LocalCache\local-packages\Python39\site-packages\ipykernel_launcher.py,042b,user,compare_models,0.18,96e2574aa0874bcd8960f164c0f16c22,77491d22
417e336bfa654ff5bda99949212d9fb5,1,FINISHED,file:///C:/Users/user/Documents/1.%20GitHub/Albert_Einstein/mlruns/1/417e336bfa654ff5bda99949212d9fb5/artifacts,2021-06-09 04:10:08.928000+00:00,2021-06-09 04:10:09.207000+00:00,-0.0037,0.3733,0.4048,0.3298,0.4639,-0.0034,0.013,0.4965,,,,,,,,,,,,,,,,,,,,,,,,,,,,,,,,,,,,,,,,,,,,,,,,,,,,,,,,,,,,,,,,,,,,,,,,,,,,,,,,,,,-1,,,,,,,,,,,,,,,,,,,,,,,,,,,,,,,,,,,uniform,,,auto,,,,,,,,,,,,,,,,,,,,,,,,,,,,,,,,,,,,,,,,,,,,,30,minkowski,2,5,None,,,,,,,,,,,,,,,,,,,,,,,,,,,,,,,,,,,,,,,,,,,,,,,,,,,,,,,,,,,,,,,,,,,,,,,,,,,,,,,,,,,,,,,,,,,,,,,,K Neighbors Classifier,LOCAL,"[{""run_id"": ""417e336bfa654ff5bda99949212d9fb5"", ""artifact_path"": ""model"", ""utc_time_created"": ""2021-06-09 04:10:09.149384"", ""flavors"": {""python_function"": {""model_path"": ""model.pkl"", ""loader_module"": ""mlflow.sklearn"", ""python_version"": ""3.9.5"", ""env"": ""conda.yaml""}, ""sklearn"": {""pickled_model"": ""model.pkl"", ""sklearn_version"": ""0.23.2"", ""serialization_format"": ""cloudpickle""}}}]",C:\Users\user\AppData\Local\Packages\PythonSoftwareFoundation.Python.3.9_qbz5n2kfra8p0\LocalCache\local-packages\Python39\site-packages\ipykernel_launcher.py,042b,user,compare_models,0.26,417e336bfa654ff5bda99949212d9fb5,77491d22
16b46355cc1740fabdc363133557bdcf,1,FINISHED,file:///C:/Users/user/Documents/1.%20GitHub/Albert_Einstein/mlruns/1/16b46355cc1740fabdc363133557bdcf/artifacts,2021-06-09 04:10:08.418000+00:00,2021-06-09 04:10:08.760000+00:00,0.0083,0.378,0.374,0.3396,0.4711,0.0096,0.029,0.0,,,,,,,,,,,,,,,,,,,,,,,,,,,,,,,,,,,,,,,,,,,,,,,,,,,,,,,,,,,,,,,,,,,,,,,,,,,,,,,,,,,-1,,,,,,,,,0,,,,,,,,,,,,,,,,,,,,,,,,,,,,5481,,optimal,,,,,,,False,,,,,,,,,,None,,,,0.001,,,hinge,,0.1,5,,,,,,,1000,True,,,0.15,l2,,,,0.0001,,,,,,False,0.1,0.5,0.001,False,True,,,,,,,,,,,,,,,,,,,,,,,,,,,,,,,,,,,,,,,,,,,,,,,,,,,,,,,,,,,,,,,,,,,,,,,,,,,,,,,,,,,,,,,,,,SVM - Linear Kernel,LOCAL,"[{""run_id"": ""16b46355cc1740fabdc363133557bdcf"", ""artifact_path"": ""model"", ""utc_time_created"": ""2021-06-09 04:10:08.680639"", ""flavors"": {""python_function"": {""model_path"": ""model.pkl"", ""loader_module"": ""mlflow.sklearn"", ""python_version"": ""3.9.5"", ""env"": ""conda.yaml""}, ""sklearn"": {""pickled_model"": ""model.pkl"", ""sklearn_version"": ""0.23.2"", ""serialization_format"": ""cloudpickle""}}}]",C:\Users\user\AppData\Local\Packages\PythonSoftwareFoundation.Python.3.9_qbz5n2kfra8p0\LocalCache\local-packages\Python39\site-packages\ipykernel_launcher.py,042b,user,compare_models,0.44,16b46355cc1740fabdc363133557bdcf,77491d22
40d445762a914df58bae62e691affde6,1,FINISHED,file:///C:/Users/user/Documents/1.%20GitHub/Albert_Einstein/mlruns/1/40d445762a914df58bae62e691affde6/artifacts,2021-06-09 04:10:07.900000+00:00,2021-06-09 04:10:08.253000+00:00,-0.0129,0.3797,0.4071,0.3264,0.4581,-0.0125,0.688,0.497,,,,,,,,,,,,,,,,,,,,,,,,,,,,,,,,,,,,,,,,,,,,,,,,,,,,,,,,,,,,,,,,,,,,,,,,,,,,,,,,,,,-1,,,,,,,,,,,,,,,,,,,,,,,,,,,,,,,,,,,,,5481,,None,100,,,,,,,,,,,,,None,,,,,,,,,,,,,,None,,,,,,,,,,,,,,,,,,,,,,,,,,,None,auto,gain,None,None,None,None,None,None,0,None,None,gbtree,None,None,nan,binary:logistic,None,None,None,None,True,,,,,,,,,,,,,,,,,,,,,,,,,,,,,,,,,,,,,,,,,,,,,,,,,,,,,,,,,,,,,,,,,,,,Extreme Gradient Boosting,LOCAL,"[{""run_id"": ""40d445762a914df58bae62e691affde6"", ""artifact_path"": ""model"", ""utc_time_created"": ""2021-06-09 04:10:08.168010"", ""flavors"": {""python_function"": {""model_path"": ""model.pkl"", ""loader_module"": ""mlflow.sklearn"", ""python_version"": ""3.9.5"", ""env"": ""conda.yaml""}, ""sklearn"": {""pickled_model"": ""model.pkl"", ""sklearn_version"": ""0.23.2"", ""serialization_format"": ""cloudpickle""}}}]",C:\Users\user\AppData\Local\Packages\PythonSoftwareFoundation.Python.3.9_qbz5n2kfra8p0\LocalCache\local-packages\Python39\site-packages\ipykernel_launcher.py,042b,user,compare_models,7.02,40d445762a914df58bae62e691affde6,77491d22
1b63bc399a6f4bc1b6555bce1036a46e,1,FINISHED,file:///C:/Users/user/Documents/1.%20GitHub/Albert_Einstein/mlruns/1/1b63bc399a6f4bc1b6555bce1036a46e/artifacts,2021-06-09 04:10:07.400000+00:00,2021-06-09 04:10:07.733000+00:00,0.0067,0.396,0.4254,0.3306,0.4733,0.0065,0.168,0.5093,,,,,,,,,,,,,,,,,,,,,,,,,,,,,,,,,,,,,,,,,,,,,,,,,,,,,,,,,,,,,,,,,,,,,,,,,,,,,,,,,,,-1,,,,,,,,,,,,,,,,,,,,,,,,,,,,,,,,,,,,,5481,,0.1,100,,,,,,,,,,,,,-1,,,None,,,,,,,,,,,1.0,,,,,,,,,,,,,,,,,,,,,,,,,,,1.0,,split,,0.0,,,,0.0,,,,,,,,None,,,0.001,,,gbdt,200000,0.0,31,True,0,20,,,,,,,,,,,,,,,,,,,,,,,,,,,,,,,,,,,,,,,,,,,,,,,,,,,,,,,,,,,,,Light Gradient Boosting Machine,LOCAL,"[{""run_id"": ""1b63bc399a6f4bc1b6555bce1036a46e"", ""artifact_path"": ""model"", ""utc_time_created"": ""2021-06-09 04:10:07.664359"", ""flavors"": {""python_function"": {""model_path"": ""model.pkl"", ""loader_module"": ""mlflow.sklearn"", ""python_version"": ""3.9.5"", ""env"": ""conda.yaml""}, ""sklearn"": {""pickled_model"": ""model.pkl"", ""sklearn_version"": ""0.23.2"", ""serialization_format"": ""cloudpickle""}}}]",C:\Users\user\AppData\Local\Packages\PythonSoftwareFoundation.Python.3.9_qbz5n2kfra8p0\LocalCache\local-packages\Python39\site-packages\ipykernel_launcher.py,042b,user,compare_models,1.8,1b63bc399a6f4bc1b6555bce1036a46e,77491d22
e0f974538a7a47869ccb0b9e760ab49d,1,FINISHED,file:///C:/Users/user/Documents/1.%20GitHub/Albert_Einstein/mlruns/1/e0f974538a7a47869ccb0b9e760ab49d/artifacts,2021-06-09 04:10:06.933000+00:00,2021-06-09 04:10:07.234000+00:00,-0.0018,0.4033,0.4276,0.3264,0.4656,-0.0015,0.009,0.4981,,,,,,,,,,,,,,,,,,,,,,,,,,,,,,,,,,,,,,,,,,,,,,,,,,,,,,,,,,,,,,,,,,,,,,,,,,,,,,,,,,,,,,,,,,,,,,,,,,,,,,,,,,,,,,,,,,,,,,,,5481,,,,None,,,,,,0.0,None,1,gini,2,0.0,None,None,0.0,None,,,,,,,,,,,,deprecated,,,,,,,,,,,,,,,,,,,,,,,,,,,,,,,,,,,,,,,,,,,,,,,,,,,,,,,best,,,,,,,,,,,,,,,,,,,,,,,,,,,,,,,,,,,,,,,,,,,,,,,,,,,,,,,,,,,,Decision Tree Classifier,LOCAL,"[{""run_id"": ""e0f974538a7a47869ccb0b9e760ab49d"", ""artifact_path"": ""model"", ""utc_time_created"": ""2021-06-09 04:10:07.168684"", ""flavors"": {""python_function"": {""model_path"": ""model.pkl"", ""loader_module"": ""mlflow.sklearn"", ""python_version"": ""3.9.5"", ""env"": ""conda.yaml""}, ""sklearn"": {""pickled_model"": ""model.pkl"", ""sklearn_version"": ""0.23.2"", ""serialization_format"": ""cloudpickle""}}}]",C:\Users\user\AppData\Local\Packages\PythonSoftwareFoundation.Python.3.9_qbz5n2kfra8p0\LocalCache\local-packages\Python39\site-packages\ipykernel_launcher.py,042b,user,compare_models,0.22,e0f974538a7a47869ccb0b9e760ab49d,77491d22
240919c71bd745e5b53512787070adb1,1,FINISHED,file:///C:/Users/user/Documents/1.%20GitHub/Albert_Einstein/mlruns/1/240919c71bd745e5b53512787070adb1/artifacts,2021-06-09 04:10:06.452000+00:00,2021-06-09 04:10:06.767000+00:00,-0.0021,0.4273,0.4439,0.3285,0.466,-0.002,0.155,0.4929,,,,,,,,,,,,,,,,,,,,,,,,,,,,,,,,,,,,,,,,,,,,,,,,,,,,,,,,,,,,,,,,,,,,,,,,,,,,,,,,,,,-1,,,,,,,,,0,,,,,,,,,,,,,,,,,,,,,,,,,,,,5481,,,100,auto,True,None,False,,False,0.0,None,1,gini,2,0.0,None,None,0.0,None,,,,,,,,,,,,,,,,,,,,,,,,,,,,,,,,,,,,,,,,,,,,,,,,,,,,,,,,,,,,,,,,,,,,,,,,,,,,,,,,,,,,,,,,,,,,,,,,,,,,,,,,,,,,,,,,,,,,,,,,,,,,,,,Random Forest Classifier,LOCAL,"[{""run_id"": ""240919c71bd745e5b53512787070adb1"", ""artifact_path"": ""model"", ""utc_time_created"": ""2021-06-09 04:10:06.699939"", ""flavors"": {""python_function"": {""model_path"": ""model.pkl"", ""loader_module"": ""mlflow.sklearn"", ""python_version"": ""3.9.5"", ""env"": ""conda.yaml""}, ""sklearn"": {""pickled_model"": ""model.pkl"", ""sklearn_version"": ""0.23.2"", ""serialization_format"": ""cloudpickle""}}}]",C:\Users\user\AppData\Local\Packages\PythonSoftwareFoundation.Python.3.9_qbz5n2kfra8p0\LocalCache\local-packages\Python39\site-packages\ipykernel_launcher.py,042b,user,compare_models,1.67,240919c71bd745e5b53512787070adb1,77491d22
fa89d4b5b379498682d43d5dffe75b16,1,FINISHED,file:///C:/Users/user/Documents/1.%20GitHub/Albert_Einstein/mlruns/1/fa89d4b5b379498682d43d5dffe75b16/artifacts,2021-06-09 04:10:03.516000+00:00,2021-06-09 04:10:06.303000+00:00,-0.0005,0.439,0.4505,0.3329,0.4664,-0.0005,0.117,0.4993,,,,,,,,,,,,,,,,,,,,,,,,,,,,,,,,,,,,,,,,,,,,,,,,,,,,,,,,,,,,,,,,,,,,,,,,,,,,,,,,,,,-1,,,,,,,,,0,,,,,,,,,,,,,,,,,,,,,,,,,,,,5481,,,100,auto,False,None,False,,False,0.0,None,1,gini,2,0.0,None,None,0.0,None,,,,,,,,,,,,,,,,,,,,,,,,,,,,,,,,,,,,,,,,,,,,,,,,,,,,,,,,,,,,,,,,,,,,,,,,,,,,,,,,,,,,,,,,,,,,,,,,,,,,,,,,,,,,,,,,,,,,,,,,,,,,,,,Extra Trees Classifier,LOCAL,"[{""run_id"": ""fa89d4b5b379498682d43d5dffe75b16"", ""artifact_path"": ""model"", ""utc_time_created"": ""2021-06-09 04:10:06.030728"", ""flavors"": {""python_function"": {""model_path"": ""model.pkl"", ""loader_module"": ""mlflow.sklearn"", ""python_version"": ""3.9.5"", ""env"": ""conda.yaml""}, ""sklearn"": {""pickled_model"": ""model.pkl"", ""sklearn_version"": ""0.23.2"", ""serialization_format"": ""cloudpickle""}}}]",C:\Users\user\AppData\Local\Packages\PythonSoftwareFoundation.Python.3.9_qbz5n2kfra8p0\LocalCache\local-packages\Python39\site-packages\ipykernel_launcher.py,042b,user,compare_models,1.33,fa89d4b5b379498682d43d5dffe75b16,77491d22
712f881163174293a9d52d928ea9e6ce,1,FINISHED,file:///C:/Users/user/Documents/1.%20GitHub/Albert_Einstein/mlruns/1/712f881163174293a9d52d928ea9e6ce/artifacts,2021-06-09 04:07:12.452000+00:00,2021-06-09 04:07:22.061000+00:00,,,,,,,,,,,,,,,,,,,,,,,,,,,,,,,,,,,,,,,,,,,,,,,,,,,,,,,,,,,,,,,,,,,,,,,,,,,,,,,,,,,,,,,,,,,,,,,,,,,,,,,,,,,,,,,,,,,,,,,,,,,,,,,,,,,,,,,,,,,,,,,,,,,,,,,,,,,,,,,,,,,,,,,,,,,,,,,,,,,,,,,,,,,,,,,,,,,,,,,,,,,,,,,,,,,,,,,5481,None,False,3,zscore,True,True,None,None,False,0.95,True,False,False,False,False,False,None,constant,None,StratifiedKFold,"0: 0, 1: 1, 2: 2",-1,0.8,"(3000, 3)","(10000, 4)",False,True,median,042b,True,classic,False,None,Multiclass,most_frequent,yeo-johnson,None,0.1,True,False,False,False,None,0,rain_tomorrow_exp,10,simple,True,False,None,None,True,target,False,True,"(7000, 3)",None,SMOTE,Session Initialized 042b,LOCAL,,C:\Users\user\AppData\Local\Packages\PythonSoftwareFoundation.Python.3.9_qbz5n2kfra8p0\LocalCache\local-packages\Python39\site-packages\ipykernel_launcher.py,042b,user,setup,0.71,712f881163174293a9d52d928ea9e6ce,24ba59ea
